Mozilla/5.0 (compatible; MSIE 9.0; Windows NT 6.0; Trident/3.0)
Mozilla/5.0 (iPod; U; CPU iPhone OS 4_2 like Mac OS X; ta-LK) AppleWebKit/532.35.1 (KHTML, like Gecko) Version/3.0.5 Mobile/8B114 Safari/6532.35.1
Mozilla/5.0 (X11; Linux i686; rv:1.9.7.20) Gecko/2019-07-25 12:30:46 Firefox/3.6.4
Mozilla/5.0 (Android 8.1.0; Mobile; rv:10.0) Gecko/10.0 Firefox/10.0
Mozilla/5.0 (compatible; MSIE 5.0; Windows NT 4.0; Trident/4.0)
Mozilla/5.0 (Macintosh; PPC Mac OS X 10_5_7 rv:2.0; sv-FI) AppleWebKit/532.13.2 (KHTML, like Gecko) Version/4.0.4 Safari/532.13.2
Mozilla/5.0 (compatible; MSIE 6.0; Windows NT 4.0; Trident/3.1)
Mozilla/5.0 (Macintosh; Intel Mac OS X 10_10_1; rv:1.9.4.20) Gecko/2011-08-11 03:23:02 Firefox/3.8
Mozilla/5.0 (Macintosh; U; PPC Mac OS X 10_8_7 rv:4.0; kl-GL) AppleWebKit/534.23.7 (KHTML, like Gecko) Version/4.1 Safari/534.23.7
Mozilla/5.0 (Macintosh; U; Intel Mac OS X 10_5_5 rv:6.0; om-ET) AppleWebKit/531.17.6 (KHTML, like Gecko) Version/5.0.1 Safari/531.17.6
Mozilla/5.0 (Linux; Android 4.0.4) AppleWebKit/533.2 (KHTML, like Gecko) Chrome/42.0.808.0 Safari/533.2
Mozilla/5.0 (compatible; MSIE 6.0; Windows 95; Trident/3.1)
Mozilla/5.0 (compatible; MSIE 8.0; Windows 98; Win 9x 4.90; Trident/5.0)
Mozilla/5.0 (compatible; MSIE 5.0; Windows 98; Trident/3.1)
Mozilla/5.0 (X11; Linux i686; rv:1.9.5.20) Gecko/2017-06-16 14:55:36 Firefox/5.0
Mozilla/5.0 (X11; Linux i686) AppleWebKit/536.0 (KHTML, like Gecko) Chrome/31.0.852.0 Safari/536.0
Mozilla/5.0 (iPad; CPU iPad OS 7_1_2 like Mac OS X) AppleWebKit/531.1 (KHTML, like Gecko) FxiOS/16.0c7104.0 Mobile/02S865 Safari/531.1
Windows NT 5.2
Mozilla/5.0 (compatible; MSIE 7.0; Windows NT 5.0; Trident/4.1)
Mozilla/5.0 (Windows 98) AppleWebKit/531.0 (KHTML, like Gecko) Chrome/31.0.869.0 Safari/531.0
Mozilla/5.0 (Windows; U; Windows NT 5.01) AppleWebKit/532.20.2 (KHTML, like Gecko) Version/4.0.1 Safari/532.20.2
Mozilla/5.0 (iPhone; CPU iPhone OS 6_1_6 like Mac OS X) AppleWebKit/536.2 (KHTML, like Gecko) FxiOS/10.3h6795.0 Mobile/75J519 Safari/536.2
Mozilla/5.0 (iPod; U; CPU iPhone OS 3_0 like Mac OS X; dv-MV) AppleWebKit/535.15.4 (KHTML, like Gecko) Version/3.0.5 Mobile/8B112 Safari/6535.15.4
Mozilla/5.0 (Macintosh; U; Intel Mac OS X 10_10_9) AppleWebKit/531.1 (KHTML, like Gecko) Chrome/62.0.870.0 Safari/531.1
Mozilla/5.0 (Windows NT 4.0) AppleWebKit/534.1 (KHTML, like Gecko) Chrome/60.0.885.0 Safari/534.1
Mozilla/5.0 (compatible; MSIE 5.0; Windows CE; Trident/5.0)
Mozilla/5.0 (iPad; CPU iPad OS 10_3_3 like Mac OS X) AppleWebKit/532.1 (KHTML, like Gecko) CriOS/63.0.870.0 Mobile/48B672 Safari/532.1
Mozilla/5.0 (Linux; Android 3.0) AppleWebKit/535.2 (KHTML, like Gecko) Chrome/18.0.858.0 Safari/535.2
Mozilla/5.0 (Macintosh; U; PPC Mac OS X 10_6_6) AppleWebKit/535.2 (KHTML, like Gecko) Chrome/17.0.825.0 Safari/535.2
Mozilla/5.0 (iPod; U; CPU iPhone OS 4_2 like Mac OS X; apn-IN) AppleWebKit/535.19.1 (KHTML, like Gecko) Version/3.0.5 Mobile/8B111 Safari/6535.19.1
Mozilla/5.0 (Macintosh; U; PPC Mac OS X 10_8_9) AppleWebKit/535.1 (KHTML, like Gecko) Chrome/37.0.802.0 Safari/535.1
Mozilla/5.0 (Windows NT 6.1) AppleWebKit/536.1 (KHTML, like Gecko) Chrome/50.0.862.0 Safari/536.1
Mozilla/5.0 (Android 5.1.1; Mobile; rv:44.0) Gecko/44.0 Firefox/44.0
Mozilla/5.0 (compatible; MSIE 8.0; Windows 98; Trident/5.1)
Mozilla/5.0 (X11; Linux i686) AppleWebKit/532.1 (KHTML, like Gecko) Chrome/51.0.831.0 Safari/532.1
Mozilla/5.0 (Macintosh; PPC Mac OS X 10_12_3) AppleWebKit/533.0 (KHTML, like Gecko) Chrome/48.0.824.0 Safari/533.0
Mozilla/5.0 (Windows CE) AppleWebKit/533.2 (KHTML, like Gecko) Chrome/15.0.834.0 Safari/533.2
Mozilla/5.0 (X11; Linux i686; rv:1.9.7.20) Gecko/2017-09-03 19:23:18 Firefox/3.6.13
Mozilla/5.0 (Windows; U; Windows NT 5.0) AppleWebKit/535.26.3 (KHTML, like Gecko) Version/4.0 Safari/535.26.3
Mozilla/5.0 (iPod; U; CPU iPhone OS 4_2 like Mac OS X; hr-HR) AppleWebKit/531.28.4 (KHTML, like Gecko) Version/3.0.5 Mobile/8B117 Safari/6531.28.4
Opera/8.53.(X11; Linux i686; sr-RS) Presto/2.9.180 Version/12.00
Mozilla/5.0 (compatible; MSIE 9.0; Windows NT 4.0; Trident/4.0)
Mozilla/5.0 (Android 2.3.4; Mobile; rv:42.0) Gecko/42.0 Firefox/42.0
Mozilla/5.0 (iPod; U; CPU iPhone OS 4_2 like Mac OS X; tg-TJ) AppleWebKit/533.44.5 (KHTML, like Gecko) Version/3.0.5 Mobile/8B115 Safari/6533.44.5
Mozilla/5.0 (Macintosh; U; Intel Mac OS X 10_11_6 rv:5.0; ps-AF) AppleWebKit/532.14.2 (KHTML, like Gecko) Version/5.0.5 Safari/532.14.2
Mozilla/5.0 (Macintosh; PPC Mac OS X 10_10_1 rv:6.0; li-BE) AppleWebKit/531.28.6 (KHTML, like Gecko) Version/4.0 Safari/531.28.6
Mozilla/5.0 (Macintosh; PPC Mac OS X 10_10_3; rv:1.9.6.20) Gecko/2012-10-12 11:39:38 Firefox/3.6.6
Mozilla/5.0 (compatible; MSIE 9.0; Windows 98; Win 9x 4.90; Trident/4.0)
Windows NT 4.0
Mozilla/5.0 (compatible; MSIE 7.0; Windows NT 4.0; Trident/3.1)
Mozilla/5.0 (Macintosh; U; PPC Mac OS X 10_5_3) AppleWebKit/532.0 (KHTML, like Gecko) Chrome/43.0.814.0 Safari/532.0
Mozilla/5.0 (Macintosh; PPC Mac OS X 10_12_2) AppleWebKit/535.0 (KHTML, like Gecko) Chrome/63.0.852.0 Safari/535.0
Mozilla/5.0 (compatible; MSIE 5.0; Windows NT 4.0; Trident/4.0)
Mozilla/5.0 (Windows NT 5.01) AppleWebKit/533.0 (KHTML, like Gecko) Chrome/23.0.806.0 Safari/533.0
Mozilla/5.0 (Linux; Android 3.2) AppleWebKit/536.2 (KHTML, like Gecko) Chrome/53.0.816.0 Safari/536.2
Mozilla/5.0 (Macintosh; U; Intel Mac OS X 10_8_3 rv:6.0; fy-NL) AppleWebKit/531.17.6 (KHTML, like Gecko) Version/5.0.3 Safari/531.17.6
Mozilla/5.0 (Linux; Android 2.3.5) AppleWebKit/534.2 (KHTML, like Gecko) Chrome/60.0.802.0 Safari/534.2
Mozilla/5.0 (Windows NT 6.1; af-ZA; rv:1.9.0.20) Gecko/2010-07-26 05:23:39 Firefox/3.8
Windows 98
Mozilla/5.0 (X11; Linux i686) AppleWebKit/536.0 (KHTML, like Gecko) Chrome/29.0.843.0 Safari/536.0
Mozilla/5.0 (Windows; U; Windows NT 6.2) AppleWebKit/532.30.5 (KHTML, like Gecko) Version/4.1 Safari/532.30.5
Mozilla/5.0 (iPhone; CPU iPhone OS 10_3_4 like Mac OS X) AppleWebKit/532.2 (KHTML, like Gecko) CriOS/63.0.867.0 Mobile/39N770 Safari/532.2
Mozilla/5.0 (iPad; CPU iPad OS 3_1_3 like Mac OS X) AppleWebKit/532.0 (KHTML, like Gecko) CriOS/44.0.871.0 Mobile/75W778 Safari/532.0
Mozilla/5.0 (compatible; MSIE 5.0; Windows CE; Trident/3.1)
Opera/9.56.(Windows NT 5.0; unm-US) Presto/2.9.182 Version/10.00
Mozilla/5.0 (compatible; MSIE 7.0; Windows NT 4.0; Trident/4.1)
Mozilla/5.0 (iPad; CPU iPad OS 4_2_1 like Mac OS X) AppleWebKit/532.1 (KHTML, like Gecko) CriOS/28.0.882.0 Mobile/75F737 Safari/532.1
Mozilla/5.0 (iPod; U; CPU iPhone OS 4_1 like Mac OS X; sv-SE) AppleWebKit/535.48.5 (KHTML, like Gecko) Version/4.0.5 Mobile/8B117 Safari/6535.48.5
Mozilla/5.0 (compatible; MSIE 7.0; Windows NT 6.0; Trident/4.0)
Mozilla/5.0 (Macintosh; Intel Mac OS X 10_6_2) AppleWebKit/531.2 (KHTML, like Gecko) Chrome/18.0.808.0 Safari/531.2
Mozilla/5.0 (compatible; MSIE 9.0; Windows NT 5.01; Trident/5.1)
Mozilla/5.0 (X11; Linux i686; rv:1.9.5.20) Gecko/2015-12-30 04:55:53 Firefox/9.0
Mozilla/5.0 (Macintosh; U; PPC Mac OS X 10_8_7 rv:5.0; ast-ES) AppleWebKit/531.33.6 (KHTML, like Gecko) Version/4.0 Safari/531.33.6
Windows NT 6.2
Mozilla/5.0 (Windows 95) AppleWebKit/535.2 (KHTML, like Gecko) Chrome/26.0.809.0 Safari/535.2
Mozilla/5.0 (Android 6.0; Mobile; rv:21.0) Gecko/21.0 Firefox/21.0
Mozilla/5.0 (iPhone; CPU iPhone OS 10_3_3 like Mac OS X) AppleWebKit/533.1 (KHTML, like Gecko) CriOS/60.0.839.0 Mobile/90O982 Safari/533.1
Windows NT 4.0
Mozilla/5.0 (Macintosh; PPC Mac OS X 10_9_4) AppleWebKit/533.1 (KHTML, like Gecko) Chrome/44.0.840.0 Safari/533.1
Mozilla/5.0 (Macintosh; Intel Mac OS X 10_8_6) AppleWebKit/533.1 (KHTML, like Gecko) Chrome/62.0.803.0 Safari/533.1
Mozilla/5.0 (Windows 98; om-KE; rv:1.9.1.20) Gecko/2012-12-31 00:20:55 Firefox/7.0
Opera/9.92.(Windows NT 6.2; ber-DZ) Presto/2.9.175 Version/11.00
Mozilla/5.0 (compatible; MSIE 9.0; Windows NT 5.1; Trident/4.1)
Mozilla/5.0 (iPod; U; CPU iPhone OS 4_0 like Mac OS X; sk-SK) AppleWebKit/531.36.5 (KHTML, like Gecko) Version/4.0.5 Mobile/8B111 Safari/6531.36.5
Windows 98; Win 9x 4.90
Mozilla/5.0 (Macintosh; U; PPC Mac OS X 10_5_0 rv:2.0; kok-IN) AppleWebKit/534.21.1 (KHTML, like Gecko) Version/4.0 Safari/534.21.1
Mozilla/5.0 (X11; Linux x86_64) AppleWebKit/536.1 (KHTML, like Gecko) Chrome/13.0.828.0 Safari/536.1
Mozilla/5.0 (iPod; U; CPU iPhone OS 4_1 like Mac OS X; apn-IN) AppleWebKit/534.19.1 (KHTML, like Gecko) Version/4.0.5 Mobile/8B116 Safari/6534.19.1
Opera/8.18.(Windows NT 6.2; pt-BR) Presto/2.9.170 Version/10.00
Mozilla/5.0 (Windows NT 6.1) AppleWebKit/534.1 (KHTML, like Gecko) Chrome/52.0.843.0 Safari/534.1
Mozilla/5.0 (Windows; U; Windows 98) AppleWebKit/532.41.6 (KHTML, like Gecko) Version/4.0 Safari/532.41.6
Mozilla/5.0 (iPad; CPU iPad OS 9_3_5 like Mac OS X) AppleWebKit/533.1 (KHTML, like Gecko) CriOS/42.0.832.0 Mobile/44O793 Safari/533.1
Mozilla/5.0 (Android 2.0; Mobile; rv:20.0) Gecko/20.0 Firefox/20.0
Mozilla/5.0 (compatible; MSIE 7.0; Windows 98; Trident/3.1)
Windows NT 5.1
Mozilla/5.0 (compatible; MSIE 9.0; Windows NT 6.2; Trident/5.1)
Mozilla/5.0 (iPod; U; CPU iPhone OS 4_1 like Mac OS X; om-KE) AppleWebKit/533.19.4 (KHTML, like Gecko) Version/3.0.5 Mobile/8B116 Safari/6533.19.4
Mozilla/5.0 (Macintosh; Intel Mac OS X 10_7_6 rv:6.0; kk-KZ) AppleWebKit/533.32.5 (KHTML, like Gecko) Version/4.0 Safari/533.32.5
Mozilla/5.0 (X11; Linux i686) AppleWebKit/534.1 (KHTML, like Gecko) Chrome/28.0.811.0 Safari/534.1
Mozilla/5.0 (iPod; U; CPU iPhone OS 3_2 like Mac OS X; id-ID) AppleWebKit/533.22.5 (KHTML, like Gecko) Version/4.0.5 Mobile/8B116 Safari/6533.22.5
Mozilla/5.0 (Windows NT 6.0) AppleWebKit/535.0 (KHTML, like Gecko) Chrome/46.0.878.0 Safari/535.0
Mozilla/5.0 (Macintosh; U; PPC Mac OS X 10_7_3; rv:1.9.4.20) Gecko/2018-03-04 18:31:50 Firefox/3.6.18
Mozilla/5.0 (Windows; U; Windows NT 6.0) AppleWebKit/535.28.4 (KHTML, like Gecko) Version/5.0.3 Safari/535.28.4
Mozilla/5.0 (compatible; MSIE 9.0; Windows CE; Trident/4.1)
Mozilla/5.0 (Windows CE) AppleWebKit/535.0 (KHTML, like Gecko) Chrome/15.0.877.0 Safari/535.0
Mozilla/5.0 (iPad; CPU iPad OS 7_1_2 like Mac OS X) AppleWebKit/531.2 (KHTML, like Gecko) FxiOS/11.4b7589.0 Mobile/41Q305 Safari/531.2
Mozilla/5.0 (Macintosh; Intel Mac OS X 10_10_6) AppleWebKit/535.2 (KHTML, like Gecko) Chrome/33.0.858.0 Safari/535.2
Mozilla/5.0 (Android 2.3.4; Mobile; rv:5.0) Gecko/5.0 Firefox/5.0
Windows NT 5.2
Mozilla/5.0 (Macintosh; Intel Mac OS X 10_9_9 rv:3.0; gv-GB) AppleWebKit/533.24.7 (KHTML, like Gecko) Version/4.0 Safari/533.24.7
Mozilla/5.0 (Windows; U; Windows NT 6.2) AppleWebKit/532.13.7 (KHTML, like Gecko) Version/5.0.5 Safari/532.13.7
Mozilla/5.0 (compatible; MSIE 6.0; Windows NT 6.0; Trident/3.1)
Opera/8.86.(X11; Linux i686; uz-UZ) Presto/2.9.165 Version/11.00
Mozilla/5.0 (iPad; CPU iPad OS 4_2_1 like Mac OS X) AppleWebKit/535.0 (KHTML, like Gecko) CriOS/25.0.895.0 Mobile/59M636 Safari/535.0
Mozilla/5.0 (Windows; U; Windows NT 5.0) AppleWebKit/533.34.4 (KHTML, like Gecko) Version/5.0.1 Safari/533.34.4
Mozilla/5.0 (iPhone; CPU iPhone OS 4_2_1 like Mac OS X) AppleWebKit/535.0 (KHTML, like Gecko) CriOS/55.0.827.0 Mobile/57V455 Safari/535.0
Mozilla/5.0 (iPod; U; CPU iPhone OS 4_1 like Mac OS X; lo-LA) AppleWebKit/533.20.1 (KHTML, like Gecko) Version/3.0.5 Mobile/8B116 Safari/6533.20.1
Mozilla/5.0 (compatible; MSIE 7.0; Windows 95; Trident/3.1)
Mozilla/5.0 (X11; Linux x86_64) AppleWebKit/533.0 (KHTML, like Gecko) Chrome/20.0.800.0 Safari/533.0
Mozilla/5.0 (Macintosh; Intel Mac OS X 10_11_8 rv:5.0; fur-IT) AppleWebKit/535.16.4 (KHTML, like Gecko) Version/4.0 Safari/535.16.4
Windows NT 6.0
Mozilla/5.0 (X11; Linux i686; rv:1.9.5.20) Gecko/2011-10-19 23:42:03 Firefox/3.6.6
Mozilla/5.0 (Macintosh; PPC Mac OS X 10_6_8) AppleWebKit/531.0 (KHTML, like Gecko) Chrome/36.0.883.0 Safari/531.0
Windows NT 5.2
Mozilla/5.0 (Windows; U; Windows NT 5.2) AppleWebKit/534.48.7 (KHTML, like Gecko) Version/5.0.1 Safari/534.48.7
Mozilla/5.0 (X11; Linux i686) AppleWebKit/534.2 (KHTML, like Gecko) Chrome/29.0.806.0 Safari/534.2
Mozilla/5.0 (compatible; MSIE 5.0; Windows NT 5.0; Trident/3.1)
Mozilla/5.0 (compatible; MSIE 5.0; Windows 98; Trident/5.1)
Mozilla/5.0 (Macintosh; U; Intel Mac OS X 10_7_0) AppleWebKit/531.0 (KHTML, like Gecko) Chrome/43.0.801.0 Safari/531.0
Mozilla/5.0 (compatible; MSIE 7.0; Windows NT 5.1; Trident/4.1)
Mozilla/5.0 (iPad; CPU iPad OS 5_1_1 like Mac OS X) AppleWebKit/531.0 (KHTML, like Gecko) CriOS/25.0.878.0 Mobile/59J046 Safari/531.0
Mozilla/5.0 (compatible; MSIE 5.0; Windows NT 6.0; Trident/4.0)
Mozilla/5.0 (iPod; U; CPU iPhone OS 3_0 like Mac OS X; bho-IN) AppleWebKit/532.10.4 (KHTML, like Gecko) Version/3.0.5 Mobile/8B113 Safari/6532.10.4
Mozilla/5.0 (iPad; CPU iPad OS 10_3_4 like Mac OS X) AppleWebKit/534.2 (KHTML, like Gecko) FxiOS/13.0r2770.0 Mobile/36M721 Safari/534.2
Mozilla/5.0 (Macintosh; U; Intel Mac OS X 10_6_6 rv:4.0; ha-NG) AppleWebKit/532.22.6 (KHTML, like Gecko) Version/5.0.2 Safari/532.22.6
Mozilla/5.0 (Windows; U; Windows 98; Win 9x 4.90) AppleWebKit/532.1.1 (KHTML, like Gecko) Version/5.0.4 Safari/532.1.1
Mozilla/5.0 (X11; Linux i686) AppleWebKit/531.2 (KHTML, like Gecko) Chrome/46.0.845.0 Safari/531.2
Opera/9.66.(Windows NT 6.1; szl-PL) Presto/2.9.170 Version/12.00
Mozilla/5.0 (X11; Linux x86_64) AppleWebKit/536.1 (KHTML, like Gecko) Chrome/51.0.897.0 Safari/536.1
Mozilla/5.0 (compatible; MSIE 8.0; Windows 98; Win 9x 4.90; Trident/3.1)
Windows NT 5.0
Mozilla/5.0 (Windows; U; Windows 95) AppleWebKit/533.27.6 (KHTML, like Gecko) Version/5.0 Safari/533.27.6
Mozilla/5.0 (compatible; MSIE 9.0; Windows NT 6.0; Trident/3.0)
Opera/8.55.(X11; Linux x86_64; it-CH) Presto/2.9.161 Version/10.00
Mozilla/5.0 (compatible; MSIE 6.0; Windows NT 6.1; Trident/3.0)
Mozilla/5.0 (Linux; Android 6.0) AppleWebKit/534.0 (KHTML, like Gecko) Chrome/26.0.831.0 Safari/534.0
Mozilla/5.0 (X11; Linux i686) AppleWebKit/532.2 (KHTML, like Gecko) Chrome/23.0.864.0 Safari/532.2
Mozilla/5.0 (X11; Linux i686) AppleWebKit/533.2 (KHTML, like Gecko) Chrome/26.0.837.0 Safari/533.2
Mozilla/5.0 (Windows NT 6.2) AppleWebKit/532.1 (KHTML, like Gecko) Chrome/56.0.857.0 Safari/532.1
Mozilla/5.0 (Macintosh; Intel Mac OS X 10_11_8) AppleWebKit/531.1 (KHTML, like Gecko) Chrome/17.0.829.0 Safari/531.1
Mozilla/5.0 (iPhone; CPU iPhone OS 7_1_2 like Mac OS X) AppleWebKit/533.2 (KHTML, like Gecko) FxiOS/9.6j1563.0 Mobile/59Y344 Safari/533.2
Windows NT 4.0
Mozilla/5.0 (Android 3.2.1; Mobile; rv:52.0) Gecko/52.0 Firefox/52.0
Mozilla/5.0 (Macintosh; PPC Mac OS X 10_12_2 rv:2.0; lg-UG) AppleWebKit/535.26.1 (KHTML, like Gecko) Version/5.1 Safari/535.26.1
Mozilla/5.0 (X11; Linux i686) AppleWebKit/531.1 (KHTML, like Gecko) Chrome/13.0.837.0 Safari/531.1
Mozilla/5.0 (Linux; Android 2.3.5) AppleWebKit/532.2 (KHTML, like Gecko) Chrome/44.0.800.0 Safari/532.2
Mozilla/5.0 (compatible; MSIE 7.0; Windows NT 6.0; Trident/5.1)
Mozilla/5.0 (compatible; MSIE 8.0; Windows NT 6.1; Trident/4.1)
Mozilla/5.0 (compatible; MSIE 8.0; Windows NT 5.01; Trident/5.0)
Mozilla/5.0 (X11; Linux x86_64) AppleWebKit/535.1 (KHTML, like Gecko) Chrome/13.0.882.0 Safari/535.1
Mozilla/5.0 (iPod; U; CPU iPhone OS 3_0 like Mac OS X; bo-CN) AppleWebKit/532.25.7 (KHTML, like Gecko) Version/4.0.5 Mobile/8B112 Safari/6532.25.7
Mozilla/5.0 (Macintosh; Intel Mac OS X 10_9_1 rv:3.0; uz-UZ) AppleWebKit/534.33.4 (KHTML, like Gecko) Version/4.0.2 Safari/534.33.4
Mozilla/5.0 (compatible; MSIE 7.0; Windows 95; Trident/3.1)
Mozilla/5.0 (Macintosh; PPC Mac OS X 10_11_4) AppleWebKit/535.1 (KHTML, like Gecko) Chrome/20.0.821.0 Safari/535.1
Mozilla/5.0 (X11; Linux x86_64) AppleWebKit/535.1 (KHTML, like Gecko) Chrome/62.0.822.0 Safari/535.1
Mozilla/5.0 (Linux; Android 1.1) AppleWebKit/533.0 (KHTML, like Gecko) Chrome/18.0.850.0 Safari/533.0
Mozilla/5.0 (X11; Linux x86_64) AppleWebKit/531.2 (KHTML, like Gecko) Chrome/18.0.854.0 Safari/531.2
Mozilla/5.0 (compatible; MSIE 6.0; Windows NT 5.2; Trident/5.1)
Mozilla/5.0 (X11; Linux i686) AppleWebKit/531.1 (KHTML, like Gecko) Chrome/39.0.893.0 Safari/531.1
Mozilla/5.0 (compatible; MSIE 6.0; Windows NT 5.1; Trident/4.0)
Windows NT 6.2
Mozilla/5.0 (compatible; MSIE 6.0; Windows 95; Trident/4.1)
Mozilla/5.0 (compatible; MSIE 8.0; Windows NT 4.0; Trident/5.1)
Mozilla/5.0 (iPod; U; CPU iPhone OS 3_1 like Mac OS X; nl-AW) AppleWebKit/531.12.3 (KHTML, like Gecko) Version/3.0.5 Mobile/8B119 Safari/6531.12.3
Mozilla/5.0 (compatible; MSIE 7.0; Windows NT 5.1; Trident/4.1)
Mozilla/5.0 (compatible; MSIE 7.0; Windows CE; Trident/4.1)
Mozilla/5.0 (X11; Linux x86_64) AppleWebKit/535.1 (KHTML, like Gecko) Chrome/53.0.804.0 Safari/535.1
Mozilla/5.0 (iPhone; CPU iPhone OS 5_1_1 like Mac OS X) AppleWebKit/535.2 (KHTML, like Gecko) CriOS/25.0.826.0 Mobile/52I271 Safari/535.2
Opera/8.64.(Windows CE; et-EE) Presto/2.9.184 Version/10.00
Mozilla/5.0 (Linux; Android 5.1) AppleWebKit/532.0 (KHTML, like Gecko) Chrome/61.0.873.0 Safari/532.0
Windows CE
Mozilla/5.0 (iPad; CPU iPad OS 3_1_3 like Mac OS X) AppleWebKit/533.2 (KHTML, like Gecko) FxiOS/17.9h0648.0 Mobile/21B460 Safari/533.2
Mozilla/5.0 (compatible; MSIE 6.0; Windows NT 6.2; Trident/3.0)
Mozilla/5.0 (compatible; MSIE 6.0; Windows 98; Win 9x 4.90; Trident/5.1)
Mozilla/5.0 (Macintosh; U; PPC Mac OS X 10_11_7 rv:4.0; ga-IE) AppleWebKit/532.43.2 (KHTML, like Gecko) Version/4.0.5 Safari/532.43.2
Mozilla/5.0 (iPod; U; CPU iPhone OS 4_2 like Mac OS X; wal-ET) AppleWebKit/532.38.5 (KHTML, like Gecko) Version/3.0.5 Mobile/8B117 Safari/6532.38.5
Mozilla/5.0 (compatible; MSIE 5.0; Windows NT 6.0; Trident/5.1)
Mozilla/5.0 (Macintosh; Intel Mac OS X 10_8_6) AppleWebKit/534.2 (KHTML, like Gecko) Chrome/15.0.830.0 Safari/534.2
Mozilla/5.0 (iPod; U; CPU iPhone OS 4_3 like Mac OS X; ko-KR) AppleWebKit/535.29.7 (KHTML, like Gecko) Version/3.0.5 Mobile/8B111 Safari/6535.29.7
Opera/9.78.(X11; Linux x86_64; hi-IN) Presto/2.9.169 Version/12.00
Mozilla/5.0 (Windows; U; Windows NT 4.0) AppleWebKit/531.33.2 (KHTML, like Gecko) Version/4.0.1 Safari/531.33.2
Mozilla/5.0 (compatible; MSIE 7.0; Windows NT 6.1; Trident/3.1)
Windows NT 6.0
Mozilla/5.0 (compatible; MSIE 9.0; Windows NT 5.2; Trident/3.0)
Mozilla/5.0 (compatible; MSIE 6.0; Windows NT 6.2; Trident/4.1)
Mozilla/5.0 (Macintosh; U; PPC Mac OS X 10_7_3 rv:3.0; th-TH) AppleWebKit/532.21.6 (KHTML, like Gecko) Version/5.0.3 Safari/532.21.6
Mozilla/5.0 (Macintosh; Intel Mac OS X 10_12_0) AppleWebKit/535.2 (KHTML, like Gecko) Chrome/35.0.801.0 Safari/535.2
Mozilla/5.0 (Windows NT 5.1) AppleWebKit/534.0 (KHTML, like Gecko) Chrome/55.0.814.0 Safari/534.0
Mozilla/5.0 (Macintosh; U; PPC Mac OS X 10_9_6 rv:6.0; sk-SK) AppleWebKit/534.33.4 (KHTML, like Gecko) Version/4.1 Safari/534.33.4
Mozilla/5.0 (compatible; MSIE 6.0; Windows NT 5.0; Trident/4.1)
Windows NT 6.0
Mozilla/5.0 (Windows CE) AppleWebKit/535.1 (KHTML, like Gecko) Chrome/57.0.871.0 Safari/535.1
Mozilla/5.0 (Windows; U; Windows 98; Win 9x 4.90) AppleWebKit/532.27.6 (KHTML, like Gecko) Version/4.0 Safari/532.27.6
Mozilla/5.0 (Macintosh; U; Intel Mac OS X 10_10_1) AppleWebKit/534.2 (KHTML, like Gecko) Chrome/52.0.861.0 Safari/534.2
Mozilla/5.0 (compatible; MSIE 9.0; Windows NT 5.01; Trident/5.0)
Mozilla/5.0 (compatible; MSIE 8.0; Windows 95; Trident/4.1)
Mozilla/5.0 (Macintosh; Intel Mac OS X 10_10_7 rv:6.0; ca-FR) AppleWebKit/531.20.6 (KHTML, like Gecko) Version/4.0.2 Safari/531.20.6
Mozilla/5.0 (iPod; U; CPU iPhone OS 4_2 like Mac OS X; mi-NZ) AppleWebKit/533.27.7 (KHTML, like Gecko) Version/4.0.5 Mobile/8B117 Safari/6533.27.7
Mozilla/5.0 (Windows; U; Windows NT 5.0) AppleWebKit/531.15.1 (KHTML, like Gecko) Version/4.0.4 Safari/531.15.1
Mozilla/5.0 (compatible; MSIE 6.0; Windows NT 4.0; Trident/4.0)
Mozilla/5.0 (compatible; MSIE 8.0; Windows NT 4.0; Trident/5.1)
Mozilla/5.0 (X11; Linux i686) AppleWebKit/534.1 (KHTML, like Gecko) Chrome/21.0.874.0 Safari/534.1
Mozilla/5.0 (compatible; MSIE 6.0; Windows 95; Trident/5.0)
Mozilla/5.0 (Macintosh; U; PPC Mac OS X 10_7_2) AppleWebKit/534.2 (KHTML, like Gecko) Chrome/38.0.804.0 Safari/534.2
Windows NT 6.0
Mozilla/5.0 (X11; Linux i686) AppleWebKit/536.2 (KHTML, like Gecko) Chrome/29.0.800.0 Safari/536.2
Mozilla/5.0 (Android 5.0.2; Mobile; rv:8.0) Gecko/8.0 Firefox/8.0
Windows CE
Opera/8.20.(Windows 95; te-IN) Presto/2.9.189 Version/12.00
Mozilla/5.0 (Windows; U; Windows NT 5.2) AppleWebKit/531.15.2 (KHTML, like Gecko) Version/4.0 Safari/531.15.2
Windows NT 6.0
Mozilla/5.0 (compatible; MSIE 6.0; Windows NT 4.0; Trident/5.0)
Mozilla/5.0 (iPod; U; CPU iPhone OS 4_2 like Mac OS X; ru-UA) AppleWebKit/534.28.2 (KHTML, like Gecko) Version/3.0.5 Mobile/8B117 Safari/6534.28.2
Mozilla/5.0 (Android 4.0.4; Mobile; rv:46.0) Gecko/46.0 Firefox/46.0
Windows NT 5.2
Mozilla/5.0 (Macintosh; U; Intel Mac OS X 10_8_3 rv:6.0; so-SO) AppleWebKit/533.31.7 (KHTML, like Gecko) Version/4.0.1 Safari/533.31.7
Mozilla/5.0 (iPod; U; CPU iPhone OS 3_3 like Mac OS X; vi-VN) AppleWebKit/535.11.3 (KHTML, like Gecko) Version/3.0.5 Mobile/8B118 Safari/6535.11.3
Opera/9.21.(Windows NT 4.0; wal-ET) Presto/2.9.170 Version/11.00
Mozilla/5.0 (compatible; MSIE 5.0; Windows NT 5.0; Trident/5.0)
Mozilla/5.0 (Macintosh; U; PPC Mac OS X 10_11_2 rv:4.0; be-BY) AppleWebKit/534.2.7 (KHTML, like Gecko) Version/4.1 Safari/534.2.7
Mozilla/5.0 (compatible; MSIE 6.0; Windows NT 6.0; Trident/3.0)
Mozilla/5.0 (X11; Linux x86_64) AppleWebKit/536.0 (KHTML, like Gecko) Chrome/14.0.848.0 Safari/536.0
Mozilla/5.0 (iPad; CPU iPad OS 4_2_1 like Mac OS X) AppleWebKit/536.2 (KHTML, like Gecko) CriOS/31.0.810.0 Mobile/09Z260 Safari/536.2
Opera/9.26.(X11; Linux i686; gez-ET) Presto/2.9.165 Version/11.00
Mozilla/5.0 (iPad; CPU iPad OS 3_1_3 like Mac OS X) AppleWebKit/532.2 (KHTML, like Gecko) CriOS/62.0.885.0 Mobile/94V611 Safari/532.2
Mozilla/5.0 (iPhone; CPU iPhone OS 7_1_2 like Mac OS X) AppleWebKit/531.0 (KHTML, like Gecko) CriOS/45.0.831.0 Mobile/32P687 Safari/531.0
Mozilla/5.0 (X11; Linux i686) AppleWebKit/532.1 (KHTML, like Gecko) Chrome/16.0.821.0 Safari/532.1
Mozilla/5.0 (compatible; MSIE 8.0; Windows 98; Trident/4.1)
Mozilla/5.0 (compatible; MSIE 7.0; Windows 95; Trident/3.0)
Mozilla/5.0 (Windows 98) AppleWebKit/531.1 (KHTML, like Gecko) Chrome/48.0.880.0 Safari/531.1
Mozilla/5.0 (Macintosh; Intel Mac OS X 10_11_8 rv:2.0; el-GR) AppleWebKit/535.32.6 (KHTML, like Gecko) Version/5.0.5 Safari/535.32.6
Mozilla/5.0 (iPhone; CPU iPhone OS 3_1_3 like Mac OS X) AppleWebKit/531.2 (KHTML, like Gecko) CriOS/41.0.836.0 Mobile/50C219 Safari/531.2
Mozilla/5.0 (Macintosh; Intel Mac OS X 10_6_6 rv:6.0; ve-ZA) AppleWebKit/534.44.6 (KHTML, like Gecko) Version/5.1 Safari/534.44.6
Mozilla/5.0 (Macintosh; U; PPC Mac OS X 10_10_1; rv:1.9.3.20) Gecko/2010-10-24 11:01:46 Firefox/3.6.8
Mozilla/5.0 (Macintosh; U; PPC Mac OS X 10_11_3) AppleWebKit/532.0 (KHTML, like Gecko) Chrome/52.0.822.0 Safari/532.0
Mozilla/5.0 (Windows NT 6.0) AppleWebKit/532.0 (KHTML, like Gecko) Chrome/40.0.890.0 Safari/532.0
Mozilla/5.0 (Macintosh; PPC Mac OS X 10_6_0 rv:2.0; az-AZ) AppleWebKit/533.33.5 (KHTML, like Gecko) Version/4.1 Safari/533.33.5
Mozilla/5.0 (Linux; Android 9) AppleWebKit/531.2 (KHTML, like Gecko) Chrome/29.0.850.0 Safari/531.2
Mozilla/5.0 (X11; Linux i686) AppleWebKit/536.2 (KHTML, like Gecko) Chrome/20.0.873.0 Safari/536.2
Mozilla/5.0 (X11; Linux i686) AppleWebKit/533.2 (KHTML, like Gecko) Chrome/21.0.840.0 Safari/533.2
Mozilla/5.0 (Windows; U; Windows NT 6.0) AppleWebKit/534.20.5 (KHTML, like Gecko) Version/5.0 Safari/534.20.5
Mozilla/5.0 (Windows NT 6.0) AppleWebKit/536.0 (KHTML, like Gecko) Chrome/59.0.856.0 Safari/536.0
Mozilla/5.0 (compatible; MSIE 8.0; Windows 98; Win 9x 4.90; Trident/3.1)
Mozilla/5.0 (Macintosh; U; PPC Mac OS X 10_9_9) AppleWebKit/534.0 (KHTML, like Gecko) Chrome/41.0.859.0 Safari/534.0
Mozilla/5.0 (Android 2.3.6; Mobile; rv:21.0) Gecko/21.0 Firefox/21.0
Windows 98; Win 9x 4.90
Mozilla/5.0 (compatible; MSIE 6.0; Windows 95; Trident/5.0)
Mozilla/5.0 (compatible; MSIE 6.0; Windows NT 6.0; Trident/4.1)
Mozilla/5.0 (iPad; CPU iPad OS 3_1_3 like Mac OS X) AppleWebKit/535.0 (KHTML, like Gecko) CriOS/15.0.834.0 Mobile/96J485 Safari/535.0
Windows 98
Mozilla/5.0 (Macintosh; PPC Mac OS X 10_8_4) AppleWebKit/532.1 (KHTML, like Gecko) Chrome/23.0.896.0 Safari/532.1
Mozilla/5.0 (compatible; MSIE 8.0; Windows NT 6.0; Trident/3.1)
Mozilla/5.0 (Macintosh; Intel Mac OS X 10_9_9 rv:2.0; byn-ER) AppleWebKit/535.15.2 (KHTML, like Gecko) Version/4.0.3 Safari/535.15.2
Mozilla/5.0 (Windows; U; Windows 95) AppleWebKit/531.23.1 (KHTML, like Gecko) Version/5.0.2 Safari/531.23.1
Mozilla/5.0 (Macintosh; U; PPC Mac OS X 10_5_3 rv:6.0; gu-IN) AppleWebKit/534.27.3 (KHTML, like Gecko) Version/4.1 Safari/534.27.3
Opera/9.50.(Windows NT 4.0; an-ES) Presto/2.9.190 Version/10.00
Mozilla/5.0 (Windows NT 6.1) AppleWebKit/533.0 (KHTML, like Gecko) Chrome/50.0.890.0 Safari/533.0
Mozilla/5.0 (compatible; MSIE 7.0; Windows NT 6.2; Trident/5.1)
Mozilla/5.0 (X11; Linux x86_64) AppleWebKit/532.0 (KHTML, like Gecko) Chrome/63.0.869.0 Safari/532.0
Windows 98; Win 9x 4.90
Mozilla/5.0 (compatible; MSIE 5.0; Windows NT 5.1; Trident/4.1)
Opera/9.98.(X11; Linux x86_64; fi-FI) Presto/2.9.189 Version/12.00
Mozilla/5.0 (Macintosh; U; PPC Mac OS X 10_10_5; rv:1.9.4.20) Gecko/2014-04-17 07:30:10 Firefox/3.6.13
Mozilla/5.0 (Linux; Android 4.4.3) AppleWebKit/531.2 (KHTML, like Gecko) Chrome/30.0.813.0 Safari/531.2
Mozilla/5.0 (compatible; MSIE 8.0; Windows NT 5.0; Trident/3.1)
Mozilla/5.0 (compatible; MSIE 5.0; Windows 95; Trident/4.0)
Mozilla/5.0 (Macintosh; U; PPC Mac OS X 10_12_2) AppleWebKit/535.0 (KHTML, like Gecko) Chrome/34.0.884.0 Safari/535.0
Mozilla/5.0 (Macintosh; PPC Mac OS X 10_10_6 rv:3.0; sc-IT) AppleWebKit/535.45.2 (KHTML, like Gecko) Version/5.1 Safari/535.45.2
Mozilla/5.0 (compatible; MSIE 8.0; Windows 98; Win 9x 4.90; Trident/4.1)
Mozilla/5.0 (Windows 98; Win 9x 4.90; he-IL; rv:1.9.2.20) Gecko/2016-02-27 14:24:14 Firefox/3.6.19
Mozilla/5.0 (Windows; U; Windows CE) AppleWebKit/534.4.1 (KHTML, like Gecko) Version/4.0.2 Safari/534.4.1
Mozilla/5.0 (compatible; MSIE 6.0; Windows NT 4.0; Trident/5.1)
Mozilla/5.0 (iPod; U; CPU iPhone OS 3_2 like Mac OS X; hsb-DE) AppleWebKit/532.16.4 (KHTML, like Gecko) Version/3.0.5 Mobile/8B116 Safari/6532.16.4
Mozilla/5.0 (iPad; CPU iPad OS 9_3_6 like Mac OS X) AppleWebKit/536.2 (KHTML, like Gecko) FxiOS/9.8k1555.0 Mobile/02Q504 Safari/536.2
Mozilla/5.0 (Macintosh; PPC Mac OS X 10_9_2) AppleWebKit/532.0 (KHTML, like Gecko) Chrome/25.0.813.0 Safari/532.0
Windows NT 5.2
Mozilla/5.0 (Macintosh; Intel Mac OS X 10_6_0; rv:1.9.4.20) Gecko/2010-06-27 10:53:07 Firefox/3.8
Mozilla/5.0 (X11; Linux i686; rv:1.9.6.20) Gecko/2019-09-22 03:25:32 Firefox/3.8
Mozilla/5.0 (iPhone; CPU iPhone OS 3_1_3 like Mac OS X) AppleWebKit/532.1 (KHTML, like Gecko) CriOS/26.0.855.0 Mobile/26D847 Safari/532.1
Mozilla/5.0 (iPod; U; CPU iPhone OS 3_3 like Mac OS X; mt-MT) AppleWebKit/533.6.3 (KHTML, like Gecko) Version/3.0.5 Mobile/8B112 Safari/6533.6.3
Mozilla/5.0 (Macintosh; PPC Mac OS X 10_9_7 rv:5.0; ckb-IQ) AppleWebKit/532.39.1 (KHTML, like Gecko) Version/4.0.3 Safari/532.39.1
Mozilla/5.0 (compatible; MSIE 6.0; Windows 95; Trident/5.1)
Mozilla/5.0 (Linux; Android 4.1) AppleWebKit/534.1 (KHTML, like Gecko) Chrome/41.0.827.0 Safari/534.1
Mozilla/5.0 (iPod; U; CPU iPhone OS 3_3 like Mac OS X; hi-IN) AppleWebKit/533.8.2 (KHTML, like Gecko) Version/3.0.5 Mobile/8B112 Safari/6533.8.2
Opera/8.55.(Windows NT 5.2; gu-IN) Presto/2.9.168 Version/12.00
Mozilla/5.0 (compatible; MSIE 9.0; Windows NT 5.2; Trident/5.1)
Mozilla/5.0 (compatible; MSIE 6.0; Windows 95; Trident/3.1)
Mozilla/5.0 (compatible; MSIE 5.0; Windows NT 5.0; Trident/4.0)
Mozilla/5.0 (compatible; MSIE 5.0; Windows CE; Trident/3.0)
Mozilla/5.0 (Macintosh; U; Intel Mac OS X 10_8_4) AppleWebKit/534.0 (KHTML, like Gecko) Chrome/33.0.821.0 Safari/534.0
Mozilla/5.0 (Windows 98; Win 9x 4.90) AppleWebKit/534.2 (KHTML, like Gecko) Chrome/56.0.887.0 Safari/534.2
Mozilla/5.0 (iPad; CPU iPad OS 12_4 like Mac OS X) AppleWebKit/534.2 (KHTML, like Gecko) CriOS/54.0.879.0 Mobile/05A873 Safari/534.2
Mozilla/5.0 (X11; Linux i686) AppleWebKit/532.1 (KHTML, like Gecko) Chrome/36.0.848.0 Safari/532.1
Mozilla/5.0 (compatible; MSIE 9.0; Windows NT 5.1; Trident/3.0)
Mozilla/5.0 (Macintosh; U; Intel Mac OS X 10_5_2) AppleWebKit/536.2 (KHTML, like Gecko) Chrome/36.0.863.0 Safari/536.2
Mozilla/5.0 (Macintosh; U; PPC Mac OS X 10_9_6 rv:6.0; oc-FR) AppleWebKit/531.14.2 (KHTML, like Gecko) Version/4.1 Safari/531.14.2
Mozilla/5.0 (Windows NT 4.0) AppleWebKit/535.2 (KHTML, like Gecko) Chrome/51.0.875.0 Safari/535.2
Mozilla/5.0 (compatible; MSIE 8.0; Windows CE; Trident/3.1)
Mozilla/5.0 (compatible; MSIE 9.0; Windows NT 6.2; Trident/5.1)
Mozilla/5.0 (compatible; MSIE 9.0; Windows NT 4.0; Trident/4.1)
Windows 95
Mozilla/5.0 (Android 3.2.1; Mobile; rv:9.0) Gecko/9.0 Firefox/9.0
Mozilla/5.0 (compatible; MSIE 7.0; Windows NT 6.0; Trident/4.0)
Mozilla/5.0 (iPod; U; CPU iPhone OS 3_1 like Mac OS X; lb-LU) AppleWebKit/531.3.7 (KHTML, like Gecko) Version/3.0.5 Mobile/8B118 Safari/6531.3.7
Mozilla/5.0 (compatible; MSIE 7.0; Windows 95; Trident/4.1)
Mozilla/5.0 (compatible; MSIE 6.0; Windows NT 5.01; Trident/4.1)
Mozilla/5.0 (iPhone; CPU iPhone OS 9_3_6 like Mac OS X) AppleWebKit/534.2 (KHTML, like Gecko) CriOS/16.0.891.0 Mobile/22N859 Safari/534.2
Mozilla/5.0 (compatible; MSIE 9.0; Windows NT 5.2; Trident/3.1)
Mozilla/5.0 (Macintosh; U; Intel Mac OS X 10_8_8) AppleWebKit/531.1 (KHTML, like Gecko) Chrome/14.0.855.0 Safari/531.1
Mozilla/5.0 (iPhone; CPU iPhone OS 7_1_2 like Mac OS X) AppleWebKit/534.0 (KHTML, like Gecko) FxiOS/15.4s8545.0 Mobile/88H853 Safari/534.0
Windows 95
Mozilla/5.0 (Macintosh; PPC Mac OS X 10_5_5 rv:5.0; si-LK) AppleWebKit/531.10.6 (KHTML, like Gecko) Version/5.0.1 Safari/531.10.6
Mozilla/5.0 (Macintosh; U; PPC Mac OS X 10_9_2; rv:1.9.5.20) Gecko/2018-05-10 10:57:51 Firefox/14.0
Mozilla/5.0 (Linux; Android 2.3.6) AppleWebKit/531.2 (KHTML, like Gecko) Chrome/18.0.866.0 Safari/531.2
Opera/9.62.(Windows NT 6.1; lzh-TW) Presto/2.9.173 Version/11.00
Mozilla/5.0 (compatible; MSIE 5.0; Windows NT 4.0; Trident/5.0)
Mozilla/5.0 (compatible; MSIE 6.0; Windows NT 4.0; Trident/3.1)
Mozilla/5.0 (iPod; U; CPU iPhone OS 3_1 like Mac OS X; te-IN) AppleWebKit/534.48.3 (KHTML, like Gecko) Version/3.0.5 Mobile/8B115 Safari/6534.48.3
Mozilla/5.0 (iPhone; CPU iPhone OS 6_1_6 like Mac OS X) AppleWebKit/533.1 (KHTML, like Gecko) CriOS/63.0.815.0 Mobile/27W469 Safari/533.1
Mozilla/5.0 (Windows; U; Windows NT 5.0) AppleWebKit/534.12.6 (KHTML, like Gecko) Version/4.0 Safari/534.12.6
Mozilla/5.0 (iPad; CPU iPad OS 4_2_1 like Mac OS X) AppleWebKit/534.0 (KHTML, like Gecko) CriOS/30.0.802.0 Mobile/95H898 Safari/534.0
Mozilla/5.0 (Linux; Android 2.2) AppleWebKit/536.1 (KHTML, like Gecko) Chrome/36.0.836.0 Safari/536.1
Mozilla/5.0 (compatible; MSIE 8.0; Windows NT 5.2; Trident/4.0)
Mozilla/5.0 (iPhone; CPU iPhone OS 6_1_6 like Mac OS X) AppleWebKit/533.0 (KHTML, like Gecko) CriOS/26.0.822.0 Mobile/58I130 Safari/533.0
Mozilla/5.0 (X11; Linux i686) AppleWebKit/535.1 (KHTML, like Gecko) Chrome/19.0.853.0 Safari/535.1
Mozilla/5.0 (compatible; MSIE 7.0; Windows NT 6.0; Trident/5.0)
Mozilla/5.0 (Linux; Android 4.0.2) AppleWebKit/533.0 (KHTML, like Gecko) Chrome/15.0.811.0 Safari/533.0
Mozilla/5.0 (Linux; Android 2.0.1) AppleWebKit/535.0 (KHTML, like Gecko) Chrome/33.0.854.0 Safari/535.0
Opera/8.94.(X11; Linux i686; yi-US) Presto/2.9.186 Version/10.00
Mozilla/5.0 (X11; Linux i686) AppleWebKit/532.2 (KHTML, like Gecko) Chrome/41.0.876.0 Safari/532.2
Mozilla/5.0 (compatible; MSIE 5.0; Windows 98; Win 9x 4.90; Trident/4.0)
Mozilla/5.0 (Macintosh; U; PPC Mac OS X 10_6_9) AppleWebKit/536.0 (KHTML, like Gecko) Chrome/41.0.813.0 Safari/536.0
Mozilla/5.0 (Windows; U; Windows NT 6.0) AppleWebKit/532.37.5 (KHTML, like Gecko) Version/5.0.4 Safari/532.37.5
Mozilla/5.0 (Macintosh; U; Intel Mac OS X 10_6_3) AppleWebKit/531.1 (KHTML, like Gecko) Chrome/48.0.802.0 Safari/531.1
Windows NT 4.0
Mozilla/5.0 (Windows; U; Windows NT 5.0) AppleWebKit/534.40.5 (KHTML, like Gecko) Version/4.0.1 Safari/534.40.5
Mozilla/5.0 (iPod; U; CPU iPhone OS 4_2 like Mac OS X; doi-IN) AppleWebKit/534.45.3 (KHTML, like Gecko) Version/3.0.5 Mobile/8B119 Safari/6534.45.3
Mozilla/5.0 (compatible; MSIE 6.0; Windows NT 5.2; Trident/3.1)
Mozilla/5.0 (compatible; MSIE 5.0; Windows CE; Trident/3.1)
Mozilla/5.0 (compatible; MSIE 5.0; Windows NT 5.2; Trident/3.1)
Mozilla/5.0 (X11; Linux x86_64) AppleWebKit/535.2 (KHTML, like Gecko) Chrome/35.0.898.0 Safari/535.2
Mozilla/5.0 (iPod; U; CPU iPhone OS 3_0 like Mac OS X; yue-HK) AppleWebKit/533.3.2 (KHTML, like Gecko) Version/4.0.5 Mobile/8B113 Safari/6533.3.2
Mozilla/5.0 (X11; Linux i686; rv:1.9.5.20) Gecko/2017-08-28 10:23:33 Firefox/3.6.16
Mozilla/5.0 (Linux; Android 2.3.3) AppleWebKit/535.2 (KHTML, like Gecko) Chrome/13.0.897.0 Safari/535.2
Mozilla/5.0 (compatible; MSIE 5.0; Windows NT 6.1; Trident/5.0)
Opera/9.40.(X11; Linux i686; is-IS) Presto/2.9.161 Version/11.00
Mozilla/5.0 (Windows 98) AppleWebKit/534.0 (KHTML, like Gecko) Chrome/15.0.866.0 Safari/534.0
Opera/8.82.(Windows 95; nl-BE) Presto/2.9.161 Version/12.00
Mozilla/5.0 (compatible; MSIE 9.0; Windows NT 4.0; Trident/5.0)
Mozilla/5.0 (Windows; U; Windows 98; Win 9x 4.90) AppleWebKit/533.35.4 (KHTML, like Gecko) Version/5.0 Safari/533.35.4
Mozilla/5.0 (iPhone; CPU iPhone OS 12_4 like Mac OS X) AppleWebKit/536.0 (KHTML, like Gecko) CriOS/17.0.841.0 Mobile/91X520 Safari/536.0
Mozilla/5.0 (X11; Linux i686) AppleWebKit/533.1 (KHTML, like Gecko) Chrome/16.0.871.0 Safari/533.1
Mozilla/5.0 (compatible; MSIE 8.0; Windows NT 5.1; Trident/4.1)
Mozilla/5.0 (Windows; U; Windows NT 6.0) AppleWebKit/535.5.3 (KHTML, like Gecko) Version/4.0 Safari/535.5.3
Mozilla/5.0 (Macintosh; Intel Mac OS X 10_12_6 rv:4.0; fil-PH) AppleWebKit/531.8.7 (KHTML, like Gecko) Version/4.0.2 Safari/531.8.7
Mozilla/5.0 (Macintosh; U; Intel Mac OS X 10_8_9; rv:1.9.6.20) Gecko/2010-01-16 21:02:31 Firefox/3.6.12
Mozilla/5.0 (X11; Linux x86_64; rv:1.9.5.20) Gecko/2018-08-03 15:34:14 Firefox/3.6.16
Mozilla/5.0 (compatible; MSIE 6.0; Windows NT 5.01; Trident/4.1)
Mozilla/5.0 (Linux; Android 4.4.4) AppleWebKit/532.0 (KHTML, like Gecko) Chrome/61.0.837.0 Safari/532.0
Mozilla/5.0 (compatible; MSIE 6.0; Windows NT 6.1; Trident/5.1)
Mozilla/5.0 (Windows NT 5.2) AppleWebKit/536.1 (KHTML, like Gecko) Chrome/48.0.893.0 Safari/536.1
Mozilla/5.0 (Macintosh; U; Intel Mac OS X 10_12_3; rv:1.9.2.20) Gecko/2013-02-26 10:29:53 Firefox/13.0
Mozilla/5.0 (Windows; U; Windows NT 5.0) AppleWebKit/531.37.1 (KHTML, like Gecko) Version/5.0.4 Safari/531.37.1
Mozilla/5.0 (Macintosh; U; Intel Mac OS X 10_12_3 rv:4.0; cv-RU) AppleWebKit/531.43.2 (KHTML, like Gecko) Version/5.0 Safari/531.43.2
Mozilla/5.0 (compatible; MSIE 6.0; Windows NT 6.2; Trident/4.1)
Mozilla/5.0 (Macintosh; PPC Mac OS X 10_8_4 rv:4.0; bs-BA) AppleWebKit/535.29.2 (KHTML, like Gecko) Version/5.1 Safari/535.29.2
Windows 98
Mozilla/5.0 (Macintosh; U; PPC Mac OS X 10_7_1) AppleWebKit/533.2 (KHTML, like Gecko) Chrome/54.0.860.0 Safari/533.2
Mozilla/5.0 (compatible; MSIE 6.0; Windows NT 6.0; Trident/5.0)
Opera/8.86.(Windows NT 5.0; ks-IN) Presto/2.9.162 Version/10.00
Mozilla/5.0 (compatible; MSIE 7.0; Windows 98; Win 9x 4.90; Trident/5.0)
Mozilla/5.0 (Macintosh; Intel Mac OS X 10_12_8; rv:1.9.3.20) Gecko/2012-08-31 02:28:32 Firefox/3.6.6
Mozilla/5.0 (compatible; MSIE 8.0; Windows CE; Trident/4.0)
Opera/8.99.(Windows 98; Win 9x 4.90; yi-US) Presto/2.9.178 Version/12.00
Mozilla/5.0 (Windows; U; Windows 98; Win 9x 4.90) AppleWebKit/535.8.3 (KHTML, like Gecko) Version/4.0 Safari/535.8.3
Opera/8.59.(X11; Linux x86_64; fil-PH) Presto/2.9.187 Version/12.00
Mozilla/5.0 (iPhone; CPU iPhone OS 4_2_1 like Mac OS X) AppleWebKit/534.0 (KHTML, like Gecko) CriOS/38.0.894.0 Mobile/68K510 Safari/534.0
Mozilla/5.0 (Macintosh; U; PPC Mac OS X 10_9_7 rv:2.0; bg-BG) AppleWebKit/535.20.7 (KHTML, like Gecko) Version/5.0.5 Safari/535.20.7
Mozilla/5.0 (iPad; CPU iPad OS 6_1_6 like Mac OS X) AppleWebKit/534.1 (KHTML, like Gecko) CriOS/43.0.823.0 Mobile/11D743 Safari/534.1
Opera/8.58.(X11; Linux i686; lij-IT) Presto/2.9.173 Version/10.00
Mozilla/5.0 (X11; Linux i686) AppleWebKit/531.2 (KHTML, like Gecko) Chrome/15.0.887.0 Safari/531.2
Mozilla/5.0 (Macintosh; U; Intel Mac OS X 10_7_8 rv:3.0; nr-ZA) AppleWebKit/534.32.2 (KHTML, like Gecko) Version/5.0 Safari/534.32.2
Mozilla/5.0 (compatible; MSIE 6.0; Windows NT 5.2; Trident/3.0)
Mozilla/5.0 (Windows 98; Win 9x 4.90) AppleWebKit/534.0 (KHTML, like Gecko) Chrome/27.0.861.0 Safari/534.0
Mozilla/5.0 (Macintosh; U; Intel Mac OS X 10_6_2; rv:1.9.6.20) Gecko/2016-02-23 01:44:13 Firefox/15.0
Mozilla/5.0 (compatible; MSIE 5.0; Windows 98; Win 9x 4.90; Trident/5.0)
Mozilla/5.0 (X11; Linux i686) AppleWebKit/534.2 (KHTML, like Gecko) Chrome/49.0.887.0 Safari/534.2
Mozilla/5.0 (Windows 95) AppleWebKit/531.1 (KHTML, like Gecko) Chrome/25.0.886.0 Safari/531.1
Windows NT 4.0
Mozilla/5.0 (compatible; MSIE 7.0; Windows NT 4.0; Trident/3.1)
Mozilla/5.0 (compatible; MSIE 5.0; Windows NT 6.0; Trident/3.1)
Mozilla/5.0 (iPad; CPU iPad OS 6_1_6 like Mac OS X) AppleWebKit/534.2 (KHTML, like Gecko) CriOS/32.0.876.0 Mobile/67V801 Safari/534.2
Mozilla/5.0 (Windows; U; Windows 95) AppleWebKit/533.1.6 (KHTML, like Gecko) Version/4.0 Safari/533.1.6
Mozilla/5.0 (compatible; MSIE 9.0; Windows NT 5.2; Trident/3.0)
Mozilla/5.0 (compatible; MSIE 8.0; Windows NT 5.1; Trident/5.1)
Mozilla/5.0 (compatible; MSIE 6.0; Windows NT 5.2; Trident/3.1)
Mozilla/5.0 (Macintosh; PPC Mac OS X 10_9_8) AppleWebKit/535.2 (KHTML, like Gecko) Chrome/29.0.838.0 Safari/535.2
Mozilla/5.0 (X11; Linux x86_64) AppleWebKit/532.1 (KHTML, like Gecko) Chrome/14.0.820.0 Safari/532.1
Mozilla/5.0 (compatible; MSIE 7.0; Windows NT 5.1; Trident/3.1)
Mozilla/5.0 (Macintosh; PPC Mac OS X 10_7_2) AppleWebKit/534.2 (KHTML, like Gecko) Chrome/38.0.800.0 Safari/534.2
Mozilla/5.0 (Windows 98) AppleWebKit/533.2 (KHTML, like Gecko) Chrome/21.0.878.0 Safari/533.2
Mozilla/5.0 (iPhone; CPU iPhone OS 10_3_4 like Mac OS X) AppleWebKit/535.1 (KHTML, like Gecko) CriOS/51.0.847.0 Mobile/49X649 Safari/535.1
Opera/8.46.(X11; Linux i686; uk-UA) Presto/2.9.169 Version/12.00
Mozilla/5.0 (Macintosh; U; Intel Mac OS X 10_8_3 rv:3.0; pl-PL) AppleWebKit/535.33.6 (KHTML, like Gecko) Version/4.1 Safari/535.33.6
Opera/8.76.(Windows 98; hak-TW) Presto/2.9.188 Version/12.00
Mozilla/5.0 (Linux; Android 4.4.2) AppleWebKit/533.2 (KHTML, like Gecko) Chrome/61.0.840.0 Safari/533.2
Mozilla/5.0 (iPod; U; CPU iPhone OS 4_1 like Mac OS X; az-IN) AppleWebKit/531.3.3 (KHTML, like Gecko) Version/3.0.5 Mobile/8B111 Safari/6531.3.3
Opera/8.83.(X11; Linux i686; xh-ZA) Presto/2.9.175 Version/11.00
Mozilla/5.0 (Macintosh; PPC Mac OS X 10_6_1) AppleWebKit/532.0 (KHTML, like Gecko) Chrome/36.0.886.0 Safari/532.0
Mozilla/5.0 (iPhone; CPU iPhone OS 7_1_2 like Mac OS X) AppleWebKit/536.2 (KHTML, like Gecko) CriOS/42.0.876.0 Mobile/37Q262 Safari/536.2
Mozilla/5.0 (Windows 95) AppleWebKit/536.1 (KHTML, like Gecko) Chrome/62.0.841.0 Safari/536.1
Mozilla/5.0 (Windows CE; nn-NO; rv:1.9.1.20) Gecko/2010-05-12 07:28:40 Firefox/3.8
Mozilla/5.0 (compatible; MSIE 9.0; Windows NT 5.1; Trident/3.1)
Mozilla/5.0 (Windows NT 6.0; pap-AW; rv:1.9.1.20) Gecko/2015-11-19 01:12:19 Firefox/9.0
Mozilla/5.0 (compatible; MSIE 9.0; Windows NT 5.01; Trident/5.1)
Mozilla/5.0 (Windows; U; Windows NT 5.01) AppleWebKit/533.40.6 (KHTML, like Gecko) Version/5.0 Safari/533.40.6
Mozilla/5.0 (iPhone; CPU iPhone OS 6_1_6 like Mac OS X) AppleWebKit/531.0 (KHTML, like Gecko) CriOS/14.0.851.0 Mobile/51W225 Safari/531.0
Mozilla/5.0 (compatible; MSIE 8.0; Windows NT 6.1; Trident/3.0)
Mozilla/5.0 (Macintosh; U; PPC Mac OS X 10_5_7 rv:4.0; eu-FR) AppleWebKit/534.45.7 (KHTML, like Gecko) Version/5.0.1 Safari/534.45.7
Mozilla/5.0 (iPod; U; CPU iPhone OS 3_3 like Mac OS X; ko-KR) AppleWebKit/531.8.2 (KHTML, like Gecko) Version/4.0.5 Mobile/8B116 Safari/6531.8.2
Mozilla/5.0 (Android 4.4.3; Mobile; rv:18.0) Gecko/18.0 Firefox/18.0
Windows NT 6.2
Mozilla/5.0 (Macintosh; U; PPC Mac OS X 10_5_1; rv:1.9.4.20) Gecko/2017-04-07 14:42:31 Firefox/6.0
Mozilla/5.0 (Linux; Android 7.1.1) AppleWebKit/536.0 (KHTML, like Gecko) Chrome/39.0.832.0 Safari/536.0
Opera/8.54.(Windows NT 6.0; yue-HK) Presto/2.9.169 Version/10.00
Windows 98
Mozilla/5.0 (Macintosh; Intel Mac OS X 10_6_3; rv:1.9.6.20) Gecko/2010-12-30 21:28:44 Firefox/3.6.7
Mozilla/5.0 (Windows NT 5.0) AppleWebKit/533.2 (KHTML, like Gecko) Chrome/47.0.818.0 Safari/533.2
Mozilla/5.0 (Windows 98; ve-ZA; rv:1.9.2.20) Gecko/2015-05-27 02:43:45 Firefox/3.6.3
Mozilla/5.0 (iPhone; CPU iPhone OS 9_3_6 like Mac OS X) AppleWebKit/533.0 (KHTML, like Gecko) CriOS/50.0.898.0 Mobile/84Z183 Safari/533.0
Opera/9.88.(X11; Linux i686; fy-NL) Presto/2.9.185 Version/10.00
Mozilla/5.0 (compatible; MSIE 7.0; Windows NT 6.1; Trident/5.1)
Mozilla/5.0 (iPod; U; CPU iPhone OS 3_0 like Mac OS X; ru-RU) AppleWebKit/535.25.1 (KHTML, like Gecko) Version/3.0.5 Mobile/8B118 Safari/6535.25.1
Mozilla/5.0 (Macintosh; U; Intel Mac OS X 10_12_4 rv:4.0; crh-UA) AppleWebKit/532.24.5 (KHTML, like Gecko) Version/5.0.5 Safari/532.24.5
Mozilla/5.0 (iPad; CPU iPad OS 5_1_1 like Mac OS X) AppleWebKit/533.0 (KHTML, like Gecko) CriOS/30.0.899.0 Mobile/55K249 Safari/533.0
Mozilla/5.0 (compatible; MSIE 6.0; Windows NT 5.2; Trident/5.0)
Mozilla/5.0 (X11; Linux i686) AppleWebKit/534.0 (KHTML, like Gecko) Chrome/58.0.815.0 Safari/534.0
Windows NT 5.2
Mozilla/5.0 (X11; Linux x86_64) AppleWebKit/531.1 (KHTML, like Gecko) Chrome/56.0.833.0 Safari/531.1
Windows CE
Mozilla/5.0 (Linux; Android 5.0) AppleWebKit/532.0 (KHTML, like Gecko) Chrome/27.0.862.0 Safari/532.0
Mozilla/5.0 (compatible; MSIE 9.0; Windows 98; Win 9x 4.90; Trident/4.1)
Opera/9.53.(X11; Linux i686; mi-NZ) Presto/2.9.176 Version/11.00
Mozilla/5.0 (compatible; MSIE 6.0; Windows 98; Win 9x 4.90; Trident/3.1)
Mozilla/5.0 (compatible; MSIE 9.0; Windows NT 5.1; Trident/4.1)
Mozilla/5.0 (Linux; Android 7.0) AppleWebKit/535.1 (KHTML, like Gecko) Chrome/30.0.810.0 Safari/535.1
Mozilla/5.0 (compatible; MSIE 9.0; Windows 98; Trident/5.0)
Mozilla/5.0 (Windows NT 5.01) AppleWebKit/531.0 (KHTML, like Gecko) Chrome/40.0.833.0 Safari/531.0
Mozilla/5.0 (compatible; MSIE 9.0; Windows 98; Trident/3.1)
Mozilla/5.0 (Windows; U; Windows NT 6.2) AppleWebKit/534.18.1 (KHTML, like Gecko) Version/5.0.2 Safari/534.18.1
Mozilla/5.0 (iPhone; CPU iPhone OS 9_3_6 like Mac OS X) AppleWebKit/534.1 (KHTML, like Gecko) CriOS/32.0.837.0 Mobile/87M503 Safari/534.1
Opera/8.66.(Windows NT 6.2; ve-ZA) Presto/2.9.165 Version/11.00
Mozilla/5.0 (iPod; U; CPU iPhone OS 3_2 like Mac OS X; tg-TJ) AppleWebKit/535.28.5 (KHTML, like Gecko) Version/4.0.5 Mobile/8B114 Safari/6535.28.5
Mozilla/5.0 (Macintosh; U; PPC Mac OS X 10_7_8) AppleWebKit/535.2 (KHTML, like Gecko) Chrome/15.0.887.0 Safari/535.2
Mozilla/5.0 (Windows; U; Windows NT 6.0) AppleWebKit/532.10.4 (KHTML, like Gecko) Version/4.0.5 Safari/532.10.4
Mozilla/5.0 (iPad; CPU iPad OS 5_1_1 like Mac OS X) AppleWebKit/531.1 (KHTML, like Gecko) CriOS/57.0.888.0 Mobile/72C890 Safari/531.1
Mozilla/5.0 (iPod; U; CPU iPhone OS 4_0 like Mac OS X; gl-ES) AppleWebKit/533.17.7 (KHTML, like Gecko) Version/3.0.5 Mobile/8B118 Safari/6533.17.7
Mozilla/5.0 (Linux; Android 5.0.2) AppleWebKit/532.1 (KHTML, like Gecko) Chrome/30.0.846.0 Safari/532.1
Mozilla/5.0 (X11; Linux x86_64) AppleWebKit/532.1 (KHTML, like Gecko) Chrome/63.0.823.0 Safari/532.1
Mozilla/5.0 (Linux; Android 3.2) AppleWebKit/531.2 (KHTML, like Gecko) Chrome/47.0.817.0 Safari/531.2
Mozilla/5.0 (X11; Linux x86_64) AppleWebKit/534.1 (KHTML, like Gecko) Chrome/37.0.876.0 Safari/534.1
Mozilla/5.0 (compatible; MSIE 5.0; Windows NT 6.0; Trident/5.1)
Mozilla/5.0 (compatible; MSIE 5.0; Windows NT 5.1; Trident/4.0)
Mozilla/5.0 (Windows 98) AppleWebKit/536.1 (KHTML, like Gecko) Chrome/59.0.830.0 Safari/536.1
Mozilla/5.0 (compatible; MSIE 5.0; Windows 95; Trident/3.0)
Mozilla/5.0 (Macintosh; PPC Mac OS X 10_8_2 rv:5.0; mn-MN) AppleWebKit/531.13.1 (KHTML, like Gecko) Version/5.1 Safari/531.13.1
Mozilla/5.0 (X11; Linux i686) AppleWebKit/532.1 (KHTML, like Gecko) Chrome/53.0.833.0 Safari/532.1
Mozilla/5.0 (Windows; U; Windows 98; Win 9x 4.90) AppleWebKit/535.3.4 (KHTML, like Gecko) Version/5.0 Safari/535.3.4
Mozilla/5.0 (iPod; U; CPU iPhone OS 4_0 like Mac OS X; fur-IT) AppleWebKit/534.24.4 (KHTML, like Gecko) Version/3.0.5 Mobile/8B111 Safari/6534.24.4
Mozilla/5.0 (Macintosh; U; PPC Mac OS X 10_5_8) AppleWebKit/536.1 (KHTML, like Gecko) Chrome/46.0.871.0 Safari/536.1
Mozilla/5.0 (compatible; MSIE 5.0; Windows NT 6.2; Trident/3.0)
Mozilla/5.0 (X11; Linux i686; rv:1.9.7.20) Gecko/2017-10-26 18:03:39 Firefox/3.6.6
Mozilla/5.0 (iPod; U; CPU iPhone OS 3_3 like Mac OS X; cs-CZ) AppleWebKit/534.50.4 (KHTML, like Gecko) Version/3.0.5 Mobile/8B115 Safari/6534.50.4
Mozilla/5.0 (compatible; MSIE 8.0; Windows NT 5.2; Trident/4.0)
Mozilla/5.0 (compatible; MSIE 6.0; Windows NT 6.0; Trident/3.0)
Windows 98
Mozilla/5.0 (X11; Linux i686) AppleWebKit/533.2 (KHTML, like Gecko) Chrome/44.0.833.0 Safari/533.2
Mozilla/5.0 (iPad; CPU iPad OS 10_3_3 like Mac OS X) AppleWebKit/534.2 (KHTML, like Gecko) CriOS/30.0.882.0 Mobile/81S430 Safari/534.2
Mozilla/5.0 (Macintosh; U; Intel Mac OS X 10_6_2; rv:1.9.4.20) Gecko/2019-11-23 04:27:09 Firefox/3.8
Mozilla/5.0 (X11; Linux x86_64) AppleWebKit/534.2 (KHTML, like Gecko) Chrome/46.0.812.0 Safari/534.2
Mozilla/5.0 (Macintosh; PPC Mac OS X 10_12_2) AppleWebKit/534.0 (KHTML, like Gecko) Chrome/51.0.831.0 Safari/534.0
Mozilla/5.0 (Windows NT 5.01) AppleWebKit/535.1 (KHTML, like Gecko) Chrome/46.0.821.0 Safari/535.1
Mozilla/5.0 (Windows; U; Windows 98) AppleWebKit/532.28.6 (KHTML, like Gecko) Version/4.0 Safari/532.28.6
Mozilla/5.0 (iPhone; CPU iPhone OS 12_4 like Mac OS X) AppleWebKit/533.1 (KHTML, like Gecko) FxiOS/13.4t0265.0 Mobile/08U169 Safari/533.1
Opera/9.11.(Windows 95; raj-IN) Presto/2.9.167 Version/11.00
Mozilla/5.0 (compatible; MSIE 8.0; Windows NT 5.01; Trident/5.1)
Mozilla/5.0 (Macintosh; Intel Mac OS X 10_6_2 rv:2.0; sd-PK) AppleWebKit/532.14.7 (KHTML, like Gecko) Version/5.0.3 Safari/532.14.7
Mozilla/5.0 (Windows; U; Windows 98; Win 9x 4.90) AppleWebKit/532.8.4 (KHTML, like Gecko) Version/4.1 Safari/532.8.4
Opera/8.83.(X11; Linux i686; he-IL) Presto/2.9.173 Version/12.00
Mozilla/5.0 (X11; Linux i686) AppleWebKit/536.2 (KHTML, like Gecko) Chrome/52.0.892.0 Safari/536.2
Mozilla/5.0 (compatible; MSIE 7.0; Windows NT 6.2; Trident/3.1)
Mozilla/5.0 (iPod; U; CPU iPhone OS 3_0 like Mac OS X; es-VE) AppleWebKit/532.26.4 (KHTML, like Gecko) Version/3.0.5 Mobile/8B117 Safari/6532.26.4
Mozilla/5.0 (iPod; U; CPU iPhone OS 4_0 like Mac OS X; so-ET) AppleWebKit/534.26.5 (KHTML, like Gecko) Version/4.0.5 Mobile/8B112 Safari/6534.26.5
Mozilla/5.0 (compatible; MSIE 9.0; Windows NT 5.01; Trident/3.1)
Mozilla/5.0 (compatible; MSIE 6.0; Windows 95; Trident/3.0)
Mozilla/5.0 (Windows NT 5.1; sk-SK; rv:1.9.0.20) Gecko/2012-04-08 03:11:39 Firefox/3.8
Mozilla/5.0 (Macintosh; PPC Mac OS X 10_8_3) AppleWebKit/531.2 (KHTML, like Gecko) Chrome/41.0.836.0 Safari/531.2
Mozilla/5.0 (compatible; MSIE 7.0; Windows NT 5.0; Trident/5.0)
Mozilla/5.0 (Macintosh; U; PPC Mac OS X 10_8_3 rv:2.0; yo-NG) AppleWebKit/534.37.4 (KHTML, like Gecko) Version/5.1 Safari/534.37.4
Mozilla/5.0 (Linux; Android 1.5) AppleWebKit/531.0 (KHTML, like Gecko) Chrome/35.0.887.0 Safari/531.0
Mozilla/5.0 (iPod; U; CPU iPhone OS 3_3 like Mac OS X; ne-NP) AppleWebKit/533.25.5 (KHTML, like Gecko) Version/3.0.5 Mobile/8B113 Safari/6533.25.5
Mozilla/5.0 (Windows NT 6.1) AppleWebKit/536.2 (KHTML, like Gecko) Chrome/43.0.840.0 Safari/536.2
Mozilla/5.0 (Macintosh; U; Intel Mac OS X 10_6_7 rv:3.0; kn-IN) AppleWebKit/535.8.4 (KHTML, like Gecko) Version/4.0.1 Safari/535.8.4
Mozilla/5.0 (Windows; U; Windows NT 5.2) AppleWebKit/534.29.1 (KHTML, like Gecko) Version/5.0.3 Safari/534.29.1
Mozilla/5.0 (Macintosh; PPC Mac OS X 10_10_8) AppleWebKit/531.1 (KHTML, like Gecko) Chrome/40.0.833.0 Safari/531.1
Opera/8.34.(X11; Linux x86_64; el-GR) Presto/2.9.182 Version/12.00
Mozilla/5.0 (Macintosh; Intel Mac OS X 10_8_1 rv:6.0; lzh-TW) AppleWebKit/535.11.4 (KHTML, like Gecko) Version/4.1 Safari/535.11.4
Mozilla/5.0 (Macintosh; PPC Mac OS X 10_8_5) AppleWebKit/532.2 (KHTML, like Gecko) Chrome/30.0.805.0 Safari/532.2
Mozilla/5.0 (iPad; CPU iPad OS 10_3_4 like Mac OS X) AppleWebKit/533.0 (KHTML, like Gecko) CriOS/31.0.889.0 Mobile/54M487 Safari/533.0
Windows NT 6.0
Mozilla/5.0 (compatible; MSIE 8.0; Windows 95; Trident/4.0)
Mozilla/5.0 (Macintosh; Intel Mac OS X 10_10_8) AppleWebKit/533.1 (KHTML, like Gecko) Chrome/31.0.814.0 Safari/533.1
Mozilla/5.0 (Macintosh; U; Intel Mac OS X 10_5_4) AppleWebKit/532.2 (KHTML, like Gecko) Chrome/26.0.861.0 Safari/532.2
Mozilla/5.0 (iPhone; CPU iPhone OS 5_1_1 like Mac OS X) AppleWebKit/532.2 (KHTML, like Gecko) FxiOS/14.2m0784.0 Mobile/20Z492 Safari/532.2
Mozilla/5.0 (iPhone; CPU iPhone OS 3_1_3 like Mac OS X) AppleWebKit/534.2 (KHTML, like Gecko) CriOS/33.0.889.0 Mobile/14Y224 Safari/534.2
Mozilla/5.0 (Windows NT 5.1) AppleWebKit/535.1 (KHTML, like Gecko) Chrome/36.0.810.0 Safari/535.1
Mozilla/5.0 (Macintosh; U; PPC Mac OS X 10_12_7) AppleWebKit/533.1 (KHTML, like Gecko) Chrome/47.0.812.0 Safari/533.1
Mozilla/5.0 (Android 2.3; Mobile; rv:37.0) Gecko/37.0 Firefox/37.0
Windows CE
Mozilla/5.0 (iPod; U; CPU iPhone OS 3_2 like Mac OS X; shs-CA) AppleWebKit/533.38.4 (KHTML, like Gecko) Version/4.0.5 Mobile/8B114 Safari/6533.38.4
Mozilla/5.0 (compatible; MSIE 7.0; Windows NT 5.0; Trident/3.1)
Mozilla/5.0 (iPad; CPU iPad OS 7_1_2 like Mac OS X) AppleWebKit/531.1 (KHTML, like Gecko) CriOS/29.0.888.0 Mobile/35S179 Safari/531.1
Mozilla/5.0 (X11; Linux i686) AppleWebKit/536.2 (KHTML, like Gecko) Chrome/43.0.896.0 Safari/536.2
Mozilla/5.0 (X11; Linux x86_64) AppleWebKit/533.1 (KHTML, like Gecko) Chrome/51.0.882.0 Safari/533.1
Mozilla/5.0 (iPod; U; CPU iPhone OS 4_2 like Mac OS X; es-UY) AppleWebKit/534.41.3 (KHTML, like Gecko) Version/4.0.5 Mobile/8B115 Safari/6534.41.3
Mozilla/5.0 (X11; Linux i686) AppleWebKit/535.0 (KHTML, like Gecko) Chrome/49.0.822.0 Safari/535.0
Mozilla/5.0 (compatible; MSIE 7.0; Windows NT 5.0; Trident/3.1)
Mozilla/5.0 (compatible; MSIE 7.0; Windows CE; Trident/4.1)
Windows NT 4.0
Mozilla/5.0 (Macintosh; U; PPC Mac OS X 10_9_3 rv:2.0; xh-ZA) AppleWebKit/531.15.5 (KHTML, like Gecko) Version/4.0.2 Safari/531.15.5
Mozilla/5.0 (Macintosh; PPC Mac OS X 10_11_7) AppleWebKit/536.0 (KHTML, like Gecko) Chrome/63.0.810.0 Safari/536.0
Mozilla/5.0 (Windows; U; Windows 95) AppleWebKit/535.36.5 (KHTML, like Gecko) Version/4.1 Safari/535.36.5
Windows NT 5.1
Mozilla/5.0 (iPad; CPU iPad OS 6_1_6 like Mac OS X) AppleWebKit/531.1 (KHTML, like Gecko) CriOS/37.0.898.0 Mobile/31E503 Safari/531.1
Mozilla/5.0 (iPad; CPU iPad OS 3_1_3 like Mac OS X) AppleWebKit/534.2 (KHTML, like Gecko) CriOS/15.0.899.0 Mobile/41K892 Safari/534.2
Mozilla/5.0 (X11; Linux i686) AppleWebKit/533.2 (KHTML, like Gecko) Chrome/59.0.879.0 Safari/533.2
Mozilla/5.0 (X11; Linux x86_64) AppleWebKit/532.1 (KHTML, like Gecko) Chrome/30.0.803.0 Safari/532.1
Mozilla/5.0 (Windows; U; Windows NT 6.2) AppleWebKit/534.32.7 (KHTML, like Gecko) Version/5.1 Safari/534.32.7
Mozilla/5.0 (compatible; MSIE 9.0; Windows NT 5.0; Trident/3.1)
Mozilla/5.0 (X11; Linux x86_64) AppleWebKit/534.2 (KHTML, like Gecko) Chrome/13.0.805.0 Safari/534.2
Mozilla/5.0 (compatible; MSIE 8.0; Windows 95; Trident/5.0)
Mozilla/5.0 (iPad; CPU iPad OS 10_3_3 like Mac OS X) AppleWebKit/533.0 (KHTML, like Gecko) CriOS/27.0.890.0 Mobile/16L860 Safari/533.0
Mozilla/5.0 (Macintosh; Intel Mac OS X 10_7_5) AppleWebKit/532.0 (KHTML, like Gecko) Chrome/36.0.864.0 Safari/532.0
Mozilla/5.0 (compatible; MSIE 6.0; Windows NT 4.0; Trident/5.0)
Mozilla/5.0 (compatible; MSIE 7.0; Windows 98; Win 9x 4.90; Trident/4.1)
Mozilla/5.0 (Windows NT 5.01) AppleWebKit/533.0 (KHTML, like Gecko) Chrome/41.0.893.0 Safari/533.0
Mozilla/5.0 (compatible; MSIE 7.0; Windows 98; Win 9x 4.90; Trident/5.0)
Mozilla/5.0 (iPod; U; CPU iPhone OS 3_2 like Mac OS X; sw-TZ) AppleWebKit/534.17.4 (KHTML, like Gecko) Version/4.0.5 Mobile/8B114 Safari/6534.17.4
Mozilla/5.0 (Windows NT 5.2) AppleWebKit/532.2 (KHTML, like Gecko) Chrome/40.0.863.0 Safari/532.2
Windows NT 5.1
Mozilla/5.0 (X11; Linux i686) AppleWebKit/534.0 (KHTML, like Gecko) Chrome/17.0.845.0 Safari/534.0
Mozilla/5.0 (compatible; MSIE 8.0; Windows 98; Win 9x 4.90; Trident/3.1)
Mozilla/5.0 (Windows; U; Windows NT 6.1) AppleWebKit/531.38.6 (KHTML, like Gecko) Version/5.0 Safari/531.38.6
Mozilla/5.0 (compatible; MSIE 7.0; Windows NT 5.1; Trident/4.0)
Mozilla/5.0 (iPad; CPU iPad OS 4_2_1 like Mac OS X) AppleWebKit/535.1 (KHTML, like Gecko) CriOS/53.0.812.0 Mobile/08U945 Safari/535.1
Opera/8.77.(Windows 95; kk-KZ) Presto/2.9.167 Version/12.00
Mozilla/5.0 (iPod; U; CPU iPhone OS 3_0 like Mac OS X; gez-ER) AppleWebKit/534.30.3 (KHTML, like Gecko) Version/3.0.5 Mobile/8B112 Safari/6534.30.3
Mozilla/5.0 (X11; Linux i686) AppleWebKit/533.2 (KHTML, like Gecko) Chrome/46.0.813.0 Safari/533.2
Mozilla/5.0 (compatible; MSIE 6.0; Windows NT 5.01; Trident/5.0)
Mozilla/5.0 (Macintosh; U; PPC Mac OS X 10_9_4) AppleWebKit/534.0 (KHTML, like Gecko) Chrome/27.0.838.0 Safari/534.0
Mozilla/5.0 (Linux; Android 2.0) AppleWebKit/536.0 (KHTML, like Gecko) Chrome/55.0.897.0 Safari/536.0
Mozilla/5.0 (Macintosh; U; PPC Mac OS X 10_5_7 rv:2.0; nr-ZA) AppleWebKit/533.48.7 (KHTML, like Gecko) Version/5.1 Safari/533.48.7
Mozilla/5.0 (Windows; U; Windows CE) AppleWebKit/535.23.5 (KHTML, like Gecko) Version/5.0.2 Safari/535.23.5
Mozilla/5.0 (Linux; Android 4.2) AppleWebKit/536.2 (KHTML, like Gecko) Chrome/23.0.867.0 Safari/536.2
Mozilla/5.0 (Windows NT 6.2) AppleWebKit/535.0 (KHTML, like Gecko) Chrome/28.0.851.0 Safari/535.0
Mozilla/5.0 (compatible; MSIE 9.0; Windows 95; Trident/5.1)
Mozilla/5.0 (compatible; MSIE 6.0; Windows NT 6.1; Trident/3.1)
Mozilla/5.0 (compatible; MSIE 6.0; Windows NT 5.0; Trident/3.0)
Mozilla/5.0 (Macintosh; Intel Mac OS X 10_10_6) AppleWebKit/536.0 (KHTML, like Gecko) Chrome/34.0.834.0 Safari/536.0
Mozilla/5.0 (Linux; Android 4.2.1) AppleWebKit/533.1 (KHTML, like Gecko) Chrome/31.0.863.0 Safari/533.1
Mozilla/5.0 (compatible; MSIE 9.0; Windows NT 5.1; Trident/4.1)
Opera/9.10.(X11; Linux i686; ar-EH) Presto/2.9.166 Version/11.00
Mozilla/5.0 (Macintosh; U; Intel Mac OS X 10_12_7 rv:5.0; sq-AL) AppleWebKit/533.44.7 (KHTML, like Gecko) Version/4.0.2 Safari/533.44.7
Mozilla/5.0 (Linux; Android 2.2.1) AppleWebKit/533.2 (KHTML, like Gecko) Chrome/63.0.858.0 Safari/533.2
Mozilla/5.0 (Windows NT 5.2; vi-VN; rv:1.9.0.20) Gecko/2016-12-16 14:11:40 Firefox/3.8
Mozilla/5.0 (compatible; MSIE 6.0; Windows NT 4.0; Trident/4.0)
Mozilla/5.0 (Android 2.3.4; Mobile; rv:10.0) Gecko/10.0 Firefox/10.0
Opera/8.33.(X11; Linux x86_64; cs-CZ) Presto/2.9.188 Version/10.00
Mozilla/5.0 (Macintosh; U; PPC Mac OS X 10_11_9 rv:2.0; cy-GB) AppleWebKit/533.8.5 (KHTML, like Gecko) Version/5.0.4 Safari/533.8.5
Mozilla/5.0 (Macintosh; U; PPC Mac OS X 10_5_3) AppleWebKit/535.1 (KHTML, like Gecko) Chrome/32.0.816.0 Safari/535.1
Mozilla/5.0 (compatible; MSIE 5.0; Windows 98; Win 9x 4.90; Trident/4.1)
Mozilla/5.0 (iPod; U; CPU iPhone OS 3_2 like Mac OS X; cs-CZ) AppleWebKit/532.31.6 (KHTML, like Gecko) Version/4.0.5 Mobile/8B113 Safari/6532.31.6
Mozilla/5.0 (Windows; U; Windows CE) AppleWebKit/533.34.5 (KHTML, like Gecko) Version/4.0 Safari/533.34.5
Mozilla/5.0 (Macintosh; PPC Mac OS X 10_6_9 rv:6.0; sd-IN) AppleWebKit/531.45.7 (KHTML, like Gecko) Version/5.0.2 Safari/531.45.7
Mozilla/5.0 (Windows NT 4.0) AppleWebKit/534.0 (KHTML, like Gecko) Chrome/52.0.877.0 Safari/534.0
Mozilla/5.0 (X11; Linux i686; rv:1.9.5.20) Gecko/2017-08-03 21:39:10 Firefox/6.0
Mozilla/5.0 (Macintosh; Intel Mac OS X 10_5_1 rv:6.0; nso-ZA) AppleWebKit/533.38.2 (KHTML, like Gecko) Version/5.0 Safari/533.38.2
Windows 95
Mozilla/5.0 (Macintosh; U; PPC Mac OS X 10_9_5 rv:3.0; de-BE) AppleWebKit/534.44.1 (KHTML, like Gecko) Version/5.0 Safari/534.44.1
Opera/9.95.(Windows NT 6.0; brx-IN) Presto/2.9.171 Version/11.00
Mozilla/5.0 (X11; Linux x86_64) AppleWebKit/534.2 (KHTML, like Gecko) Chrome/22.0.853.0 Safari/534.2
Mozilla/5.0 (Windows; U; Windows NT 5.01) AppleWebKit/534.3.6 (KHTML, like Gecko) Version/4.0.5 Safari/534.3.6
Windows NT 5.2
Mozilla/5.0 (Macintosh; PPC Mac OS X 10_6_9 rv:3.0; ha-NG) AppleWebKit/533.31.7 (KHTML, like Gecko) Version/4.1 Safari/533.31.7
Mozilla/5.0 (iPod; U; CPU iPhone OS 3_1 like Mac OS X; ja-JP) AppleWebKit/533.23.3 (KHTML, like Gecko) Version/3.0.5 Mobile/8B115 Safari/6533.23.3
Mozilla/5.0 (Windows NT 6.1; sl-SI; rv:1.9.2.20) Gecko/2012-10-17 11:25:52 Firefox/3.6.20
Mozilla/5.0 (Macintosh; U; Intel Mac OS X 10_12_8; rv:1.9.4.20) Gecko/2011-07-14 22:19:48 Firefox/3.6.7
Opera/8.33.(X11; Linux i686; cy-GB) Presto/2.9.182 Version/10.00
Mozilla/5.0 (Macintosh; U; Intel Mac OS X 10_6_0) AppleWebKit/535.2 (KHTML, like Gecko) Chrome/37.0.806.0 Safari/535.2
Mozilla/5.0 (compatible; MSIE 8.0; Windows NT 4.0; Trident/5.0)
Mozilla/5.0 (compatible; MSIE 9.0; Windows 98; Win 9x 4.90; Trident/3.0)
Mozilla/5.0 (Linux; Android 2.2.2) AppleWebKit/536.0 (KHTML, like Gecko) Chrome/19.0.822.0 Safari/536.0
Mozilla/5.0 (Macintosh; PPC Mac OS X 10_9_5 rv:5.0; fil-PH) AppleWebKit/535.37.1 (KHTML, like Gecko) Version/5.0 Safari/535.37.1
Mozilla/5.0 (X11; Linux i686) AppleWebKit/536.2 (KHTML, like Gecko) Chrome/19.0.892.0 Safari/536.2
Mozilla/5.0 (Windows; U; Windows 95) AppleWebKit/534.9.4 (KHTML, like Gecko) Version/4.0.3 Safari/534.9.4
Mozilla/5.0 (compatible; MSIE 8.0; Windows NT 5.0; Trident/3.0)
Mozilla/5.0 (Macintosh; PPC Mac OS X 10_8_9) AppleWebKit/532.0 (KHTML, like Gecko) Chrome/50.0.808.0 Safari/532.0
Mozilla/5.0 (Windows; U; Windows 98; Win 9x 4.90) AppleWebKit/533.33.2 (KHTML, like Gecko) Version/5.1 Safari/533.33.2
Mozilla/5.0 (Windows; U; Windows 95) AppleWebKit/535.29.7 (KHTML, like Gecko) Version/5.0 Safari/535.29.7
Mozilla/5.0 (compatible; MSIE 7.0; Windows NT 6.2; Trident/4.0)
Mozilla/5.0 (Windows; U; Windows NT 5.2) AppleWebKit/532.38.6 (KHTML, like Gecko) Version/4.0 Safari/532.38.6
Mozilla/5.0 (Linux; Android 4.2) AppleWebKit/534.1 (KHTML, like Gecko) Chrome/32.0.877.0 Safari/534.1
Mozilla/5.0 (iPad; CPU iPad OS 10_3_4 like Mac OS X) AppleWebKit/536.2 (KHTML, like Gecko) CriOS/47.0.852.0 Mobile/79V839 Safari/536.2
Opera/9.92.(X11; Linux i686; mt-MT) Presto/2.9.170 Version/11.00
Mozilla/5.0 (iPhone; CPU iPhone OS 10_3_3 like Mac OS X) AppleWebKit/534.0 (KHTML, like Gecko) CriOS/56.0.871.0 Mobile/58A121 Safari/534.0
Mozilla/5.0 (compatible; MSIE 7.0; Windows NT 6.1; Trident/4.1)
Mozilla/5.0 (iPhone; CPU iPhone OS 5_1_1 like Mac OS X) AppleWebKit/531.0 (KHTML, like Gecko) FxiOS/18.0p4853.0 Mobile/29S333 Safari/531.0
Mozilla/5.0 (iPhone; CPU iPhone OS 7_1_2 like Mac OS X) AppleWebKit/534.1 (KHTML, like Gecko) CriOS/58.0.842.0 Mobile/49Q615 Safari/534.1
Mozilla/5.0 (compatible; MSIE 9.0; Windows NT 5.1; Trident/3.0)
Mozilla/5.0 (Windows; U; Windows NT 5.1) AppleWebKit/535.21.4 (KHTML, like Gecko) Version/4.0.2 Safari/535.21.4
Mozilla/5.0 (Macintosh; U; Intel Mac OS X 10_8_2) AppleWebKit/534.1 (KHTML, like Gecko) Chrome/36.0.808.0 Safari/534.1
Mozilla/5.0 (iPod; U; CPU iPhone OS 4_1 like Mac OS X; pl-PL) AppleWebKit/535.27.7 (KHTML, like Gecko) Version/4.0.5 Mobile/8B111 Safari/6535.27.7
Mozilla/5.0 (compatible; MSIE 5.0; Windows CE; Trident/5.0)
Mozilla/5.0 (iPod; U; CPU iPhone OS 3_3 like Mac OS X; ts-ZA) AppleWebKit/532.1.5 (KHTML, like Gecko) Version/3.0.5 Mobile/8B118 Safari/6532.1.5
Mozilla/5.0 (compatible; MSIE 8.0; Windows NT 6.0; Trident/5.1)
Mozilla/5.0 (compatible; MSIE 8.0; Windows 95; Trident/4.0)
Mozilla/5.0 (compatible; MSIE 7.0; Windows 98; Trident/5.1)
Mozilla/5.0 (iPod; U; CPU iPhone OS 4_0 like Mac OS X; cs-CZ) AppleWebKit/532.42.1 (KHTML, like Gecko) Version/4.0.5 Mobile/8B117 Safari/6532.42.1
Mozilla/5.0 (compatible; MSIE 5.0; Windows NT 5.0; Trident/3.1)
Mozilla/5.0 (compatible; MSIE 6.0; Windows 98; Win 9x 4.90; Trident/3.0)
Mozilla/5.0 (compatible; MSIE 8.0; Windows NT 6.2; Trident/5.0)
Mozilla/5.0 (Macintosh; PPC Mac OS X 10_10_6 rv:3.0; bem-ZM) AppleWebKit/535.20.7 (KHTML, like Gecko) Version/4.0.4 Safari/535.20.7
Mozilla/5.0 (compatible; MSIE 7.0; Windows NT 4.0; Trident/4.1)
Mozilla/5.0 (iPod; U; CPU iPhone OS 4_0 like Mac OS X; ts-ZA) AppleWebKit/531.27.6 (KHTML, like Gecko) Version/4.0.5 Mobile/8B118 Safari/6531.27.6
Mozilla/5.0 (iPad; CPU iPad OS 10_3_4 like Mac OS X) AppleWebKit/531.0 (KHTML, like Gecko) CriOS/13.0.849.0 Mobile/81F234 Safari/531.0
Mozilla/5.0 (iPhone; CPU iPhone OS 6_1_6 like Mac OS X) AppleWebKit/531.0 (KHTML, like Gecko) CriOS/49.0.842.0 Mobile/36I942 Safari/531.0
Mozilla/5.0 (X11; Linux i686) AppleWebKit/536.1 (KHTML, like Gecko) Chrome/23.0.854.0 Safari/536.1
Mozilla/5.0 (X11; Linux x86_64) AppleWebKit/535.1 (KHTML, like Gecko) Chrome/39.0.868.0 Safari/535.1
Mozilla/5.0 (compatible; MSIE 7.0; Windows NT 5.1; Trident/5.0)
Opera/8.64.(X11; Linux x86_64; csb-PL) Presto/2.9.172 Version/11.00
Opera/8.61.(Windows NT 5.0; ayc-PE) Presto/2.9.166 Version/10.00
Mozilla/5.0 (Windows; U; Windows CE) AppleWebKit/534.28.6 (KHTML, like Gecko) Version/4.1 Safari/534.28.6
Mozilla/5.0 (iPhone; CPU iPhone OS 9_3_6 like Mac OS X) AppleWebKit/535.0 (KHTML, like Gecko) CriOS/26.0.840.0 Mobile/23K954 Safari/535.0
Mozilla/5.0 (Macintosh; Intel Mac OS X 10_7_8) AppleWebKit/532.0 (KHTML, like Gecko) Chrome/55.0.879.0 Safari/532.0
Mozilla/5.0 (X11; Linux x86_64) AppleWebKit/533.0 (KHTML, like Gecko) Chrome/37.0.835.0 Safari/533.0
Mozilla/5.0 (Windows; U; Windows CE) AppleWebKit/531.26.1 (KHTML, like Gecko) Version/5.0.1 Safari/531.26.1
Mozilla/5.0 (compatible; MSIE 6.0; Windows NT 6.0; Trident/4.1)
Mozilla/5.0 (Windows 98; yi-US; rv:1.9.2.20) Gecko/2019-04-27 16:41:23 Firefox/3.6.19
Mozilla/5.0 (iPad; CPU iPad OS 5_1_1 like Mac OS X) AppleWebKit/535.2 (KHTML, like Gecko) CriOS/18.0.830.0 Mobile/05M229 Safari/535.2
Mozilla/5.0 (X11; Linux x86_64) AppleWebKit/531.1 (KHTML, like Gecko) Chrome/47.0.813.0 Safari/531.1
Mozilla/5.0 (iPod; U; CPU iPhone OS 4_2 like Mac OS X; oc-FR) AppleWebKit/531.9.2 (KHTML, like Gecko) Version/3.0.5 Mobile/8B112 Safari/6531.9.2
Mozilla/5.0 (Android 4.1.1; Mobile; rv:67.0) Gecko/67.0 Firefox/67.0
Opera/8.43.(X11; Linux i686; ms-MY) Presto/2.9.168 Version/11.00
Mozilla/5.0 (Windows; U; Windows NT 5.1) AppleWebKit/535.33.5 (KHTML, like Gecko) Version/4.0.4 Safari/535.33.5
Mozilla/5.0 (compatible; MSIE 6.0; Windows 95; Trident/4.1)
Mozilla/5.0 (X11; Linux x86_64) AppleWebKit/531.0 (KHTML, like Gecko) Chrome/26.0.876.0 Safari/531.0
Mozilla/5.0 (Macintosh; Intel Mac OS X 10_8_2) AppleWebKit/532.2 (KHTML, like Gecko) Chrome/48.0.815.0 Safari/532.2
Mozilla/5.0 (Macintosh; U; Intel Mac OS X 10_6_5 rv:5.0; pap-AN) AppleWebKit/531.48.5 (KHTML, like Gecko) Version/5.0 Safari/531.48.5
Mozilla/5.0 (compatible; MSIE 8.0; Windows NT 4.0; Trident/4.0)
Mozilla/5.0 (Macintosh; U; PPC Mac OS X 10_11_4 rv:5.0; bho-IN) AppleWebKit/532.36.6 (KHTML, like Gecko) Version/5.1 Safari/532.36.6
Mozilla/5.0 (Windows; U; Windows 98; Win 9x 4.90) AppleWebKit/535.26.1 (KHTML, like Gecko) Version/4.0 Safari/535.26.1
Mozilla/5.0 (iPod; U; CPU iPhone OS 3_0 like Mac OS X; nn-NO) AppleWebKit/533.48.7 (KHTML, like Gecko) Version/4.0.5 Mobile/8B116 Safari/6533.48.7
Mozilla/5.0 (Windows 98; Win 9x 4.90; tig-ER; rv:1.9.0.20) Gecko/2017-01-23 20:49:28 Firefox/3.6.10
Opera/8.45.(Windows 98; ru-UA) Presto/2.9.166 Version/12.00
Mozilla/5.0 (iPhone; CPU iPhone OS 9_3_6 like Mac OS X) AppleWebKit/535.1 (KHTML, like Gecko) CriOS/14.0.878.0 Mobile/74N409 Safari/535.1
Mozilla/5.0 (compatible; MSIE 8.0; Windows 98; Trident/5.0)
Mozilla/5.0 (Macintosh; U; PPC Mac OS X 10_12_3 rv:2.0; es-NI) AppleWebKit/533.33.4 (KHTML, like Gecko) Version/5.0 Safari/533.33.4
Mozilla/5.0 (Linux; Android 5.0.2) AppleWebKit/534.2 (KHTML, like Gecko) Chrome/19.0.833.0 Safari/534.2
Mozilla/5.0 (Macintosh; Intel Mac OS X 10_12_1; rv:1.9.5.20) Gecko/2015-08-04 20:11:21 Firefox/3.6.4
Mozilla/5.0 (Windows; U; Windows NT 6.0) AppleWebKit/532.25.4 (KHTML, like Gecko) Version/4.0.5 Safari/532.25.4
Mozilla/5.0 (compatible; MSIE 8.0; Windows NT 4.0; Trident/5.0)
Mozilla/5.0 (iPhone; CPU iPhone OS 12_4 like Mac OS X) AppleWebKit/531.0 (KHTML, like Gecko) FxiOS/11.6q8958.0 Mobile/79K289 Safari/531.0
Mozilla/5.0 (iPhone; CPU iPhone OS 7_1_2 like Mac OS X) AppleWebKit/535.2 (KHTML, like Gecko) CriOS/19.0.822.0 Mobile/76E533 Safari/535.2
Mozilla/5.0 (X11; Linux x86_64) AppleWebKit/532.1 (KHTML, like Gecko) Chrome/27.0.853.0 Safari/532.1
Mozilla/5.0 (Macintosh; U; PPC Mac OS X 10_11_4 rv:6.0; kok-IN) AppleWebKit/532.33.7 (KHTML, like Gecko) Version/4.1 Safari/532.33.7
Mozilla/5.0 (Macintosh; U; PPC Mac OS X 10_8_3) AppleWebKit/533.0 (KHTML, like Gecko) Chrome/63.0.821.0 Safari/533.0
Mozilla/5.0 (X11; Linux i686; rv:1.9.5.20) Gecko/2019-05-10 12:22:13 Firefox/3.8
Mozilla/5.0 (Windows NT 5.01) AppleWebKit/533.0 (KHTML, like Gecko) Chrome/59.0.886.0 Safari/533.0
Mozilla/5.0 (X11; Linux x86_64; rv:1.9.6.20) Gecko/2019-12-23 01:16:13 Firefox/4.0
Mozilla/5.0 (Windows; U; Windows 98) AppleWebKit/532.7.3 (KHTML, like Gecko) Version/5.1 Safari/532.7.3
Mozilla/5.0 (compatible; MSIE 6.0; Windows NT 5.0; Trident/5.0)
Mozilla/5.0 (Linux; Android 4.0) AppleWebKit/536.2 (KHTML, like Gecko) Chrome/40.0.854.0 Safari/536.2
Mozilla/5.0 (iPod; U; CPU iPhone OS 4_0 like Mac OS X; ky-KG) AppleWebKit/531.32.4 (KHTML, like Gecko) Version/3.0.5 Mobile/8B116 Safari/6531.32.4
Mozilla/5.0 (Macintosh; Intel Mac OS X 10_10_4) AppleWebKit/531.2 (KHTML, like Gecko) Chrome/22.0.882.0 Safari/531.2
Mozilla/5.0 (iPhone; CPU iPhone OS 7_1_2 like Mac OS X) AppleWebKit/536.1 (KHTML, like Gecko) CriOS/18.0.807.0 Mobile/57E987 Safari/536.1
Mozilla/5.0 (compatible; MSIE 7.0; Windows NT 6.1; Trident/4.0)
Mozilla/5.0 (Android 3.2.5; Mobile; rv:32.0) Gecko/32.0 Firefox/32.0
Opera/9.38.(Windows NT 5.0; hr-HR) Presto/2.9.185 Version/10.00
Mozilla/5.0 (Windows; U; Windows NT 5.01) AppleWebKit/532.6.1 (KHTML, like Gecko) Version/5.0.5 Safari/532.6.1
Mozilla/5.0 (compatible; MSIE 5.0; Windows NT 6.0; Trident/4.0)
Windows NT 5.1
Mozilla/5.0 (Windows NT 5.2) AppleWebKit/533.0 (KHTML, like Gecko) Chrome/55.0.839.0 Safari/533.0
Mozilla/5.0 (Windows NT 6.0; sc-IT; rv:1.9.0.20) Gecko/2018-08-03 21:20:32 Firefox/3.6.11
Mozilla/5.0 (compatible; MSIE 9.0; Windows NT 5.0; Trident/4.1)
Mozilla/5.0 (compatible; MSIE 6.0; Windows NT 6.1; Trident/3.0)
Mozilla/5.0 (iPhone; CPU iPhone OS 7_1_2 like Mac OS X) AppleWebKit/532.1 (KHTML, like Gecko) CriOS/47.0.896.0 Mobile/15V641 Safari/532.1
Mozilla/5.0 (Windows; U; Windows NT 6.2) AppleWebKit/534.17.2 (KHTML, like Gecko) Version/4.0.1 Safari/534.17.2
Mozilla/5.0 (Macintosh; Intel Mac OS X 10_11_5 rv:6.0; os-RU) AppleWebKit/535.4.2 (KHTML, like Gecko) Version/5.1 Safari/535.4.2
Windows NT 6.0
Mozilla/5.0 (compatible; MSIE 9.0; Windows 98; Win 9x 4.90; Trident/4.1)
Mozilla/5.0 (X11; Linux x86_64; rv:1.9.7.20) Gecko/2010-06-21 06:38:28 Firefox/3.8
Mozilla/5.0 (Macintosh; Intel Mac OS X 10_5_2 rv:3.0; cv-RU) AppleWebKit/532.24.6 (KHTML, like Gecko) Version/5.1 Safari/532.24.6
Mozilla/5.0 (compatible; MSIE 8.0; Windows NT 5.1; Trident/5.1)
Mozilla/5.0 (iPhone; CPU iPhone OS 4_2_1 like Mac OS X) AppleWebKit/531.0 (KHTML, like Gecko) CriOS/16.0.895.0 Mobile/76Y085 Safari/531.0
Mozilla/5.0 (iPhone; CPU iPhone OS 3_1_3 like Mac OS X) AppleWebKit/533.1 (KHTML, like Gecko) CriOS/42.0.835.0 Mobile/98B774 Safari/533.1
Mozilla/5.0 (Windows NT 5.0) AppleWebKit/532.1 (KHTML, like Gecko) Chrome/39.0.877.0 Safari/532.1
Mozilla/5.0 (compatible; MSIE 8.0; Windows CE; Trident/3.0)
Mozilla/5.0 (Macintosh; U; Intel Mac OS X 10_9_8; rv:1.9.2.20) Gecko/2011-07-04 06:32:53 Firefox/3.6.4
Windows NT 6.0
Mozilla/5.0 (Macintosh; U; PPC Mac OS X 10_10_0 rv:6.0; cy-GB) AppleWebKit/532.11.5 (KHTML, like Gecko) Version/4.0.3 Safari/532.11.5
Mozilla/5.0 (compatible; MSIE 9.0; Windows NT 6.2; Trident/5.0)
Mozilla/5.0 (Windows NT 6.2) AppleWebKit/536.2 (KHTML, like Gecko) Chrome/16.0.899.0 Safari/536.2
Mozilla/5.0 (X11; Linux x86_64; rv:1.9.6.20) Gecko/2018-01-19 09:07:46 Firefox/3.8
Mozilla/5.0 (compatible; MSIE 6.0; Windows 95; Trident/4.1)
Mozilla/5.0 (X11; Linux x86_64; rv:1.9.6.20) Gecko/2014-02-22 20:57:13 Firefox/11.0
Mozilla/5.0 (X11; Linux x86_64) AppleWebKit/535.0 (KHTML, like Gecko) Chrome/45.0.883.0 Safari/535.0
Mozilla/5.0 (compatible; MSIE 8.0; Windows CE; Trident/5.1)
Opera/8.25.(X11; Linux x86_64; cv-RU) Presto/2.9.172 Version/11.00
Opera/9.53.(X11; Linux x86_64; ayc-PE) Presto/2.9.178 Version/11.00
Windows NT 6.0
Mozilla/5.0 (Linux; Android 4.4) AppleWebKit/533.2 (KHTML, like Gecko) Chrome/32.0.893.0 Safari/533.2
Mozilla/5.0 (Linux; Android 1.1) AppleWebKit/532.2 (KHTML, like Gecko) Chrome/48.0.838.0 Safari/532.2
Mozilla/5.0 (iPad; CPU iPad OS 12_4 like Mac OS X) AppleWebKit/532.2 (KHTML, like Gecko) CriOS/43.0.892.0 Mobile/20S541 Safari/532.2
Mozilla/5.0 (Linux; Android 2.3.1) AppleWebKit/536.0 (KHTML, like Gecko) Chrome/24.0.850.0 Safari/536.0
Mozilla/5.0 (Macintosh; U; PPC Mac OS X 10_9_5; rv:1.9.6.20) Gecko/2010-07-17 11:04:32 Firefox/3.8
Mozilla/5.0 (compatible; MSIE 7.0; Windows NT 6.2; Trident/4.1)
Mozilla/5.0 (Macintosh; U; Intel Mac OS X 10_9_3 rv:4.0; tk-TM) AppleWebKit/531.38.7 (KHTML, like Gecko) Version/4.0.5 Safari/531.38.7
Mozilla/5.0 (compatible; MSIE 7.0; Windows NT 6.1; Trident/3.1)
Mozilla/5.0 (Macintosh; PPC Mac OS X 10_11_5 rv:2.0; es-CR) AppleWebKit/531.41.3 (KHTML, like Gecko) Version/4.1 Safari/531.41.3
Opera/8.14.(X11; Linux x86_64; st-ZA) Presto/2.9.182 Version/12.00
Mozilla/5.0 (compatible; MSIE 5.0; Windows NT 5.01; Trident/5.1)
Mozilla/5.0 (compatible; MSIE 5.0; Windows NT 4.0; Trident/5.0)
Mozilla/5.0 (compatible; MSIE 9.0; Windows CE; Trident/3.1)
Mozilla/5.0 (compatible; MSIE 5.0; Windows CE; Trident/5.0)
Mozilla/5.0 (compatible; MSIE 5.0; Windows 98; Trident/3.0)
Mozilla/5.0 (compatible; MSIE 6.0; Windows NT 5.1; Trident/3.1)
Mozilla/5.0 (compatible; MSIE 7.0; Windows CE; Trident/5.0)
Opera/8.85.(Windows NT 6.1; ig-NG) Presto/2.9.184 Version/12.00
Mozilla/5.0 (iPad; CPU iPad OS 9_3_6 like Mac OS X) AppleWebKit/535.0 (KHTML, like Gecko) FxiOS/14.6d9211.0 Mobile/54B449 Safari/535.0
Mozilla/5.0 (compatible; MSIE 9.0; Windows 98; Trident/4.0)
Mozilla/5.0 (Windows NT 6.2) AppleWebKit/535.0 (KHTML, like Gecko) Chrome/43.0.820.0 Safari/535.0
Mozilla/5.0 (Windows NT 5.2; mag-IN; rv:1.9.0.20) Gecko/2019-09-18 13:14:21 Firefox/3.6.20
Mozilla/5.0 (compatible; MSIE 9.0; Windows NT 6.0; Trident/4.0)
Mozilla/5.0 (compatible; MSIE 6.0; Windows 95; Trident/4.0)
Mozilla/5.0 (Windows NT 5.0) AppleWebKit/535.1 (KHTML, like Gecko) Chrome/23.0.845.0 Safari/535.1
Opera/8.48.(Windows NT 5.01; fa-IR) Presto/2.9.170 Version/12.00
Mozilla/5.0 (Macintosh; PPC Mac OS X 10_8_7; rv:1.9.3.20) Gecko/2017-09-20 03:36:38 Firefox/15.0
Mozilla/5.0 (compatible; MSIE 6.0; Windows NT 5.2; Trident/3.1)